"Number_Id","Prediction"
12,1
14,0
15,1
23,0
34,1
36,1
42,0
44,0
46,1
51,0
61,0
62,0
63,0
64,0
72,0
80,0
83,0
92,0
93,0
102,1
104,0
105,0
110,0
122,1
124,0
133,0
138,0
142,0
143,1
144,0
148,1
151,0
152,0
155,0
157,0
160,0
161,1
162,1
164,1
168,0
170,0
174,1
176,0
183,0
185,0
187,0
189,0
192,0
195,0
198,0
202,0
207,0
208,0
209,0
212,0
217,1
221,0
223,0
224,0
227,1
229,0
233,0
236,1
239,0
243,1
245,0
259,0
261,0
266,1
267,0
273,1
282,1
283,0
284,1
289,0
292,0
294,0
296,0
297,1
298,0
300,0
301,0
308,1
310,0
312,1
314,0
327,0
329,0
330,1
332,0
333,0
336,0
340,0
345,0
348,0
355,0
356,0
361,0
363,0
365,0
367,0
370,0
372,1
373,0
378,1
380,0
381,0
392,0
393,0
395,0
398,1
408,0
409,0
410,0
411,0
415,0
418,0
419,1
420,0
422,0
428,0
429,0
430,0
431,0
433,0
437,0
439,0
440,0
447,1
449,0
453,0
457,0
460,0
461,0
466,0
467,0
472,0
476,0
477,0
478,0
479,1
480,0
482,1
489,0
491,0
493,0
495,0
497,0
498,0
499,0
500,0
501,0
505,0
509,0
510,0
514,0
515,0
518,0
531,0
533,0
536,1
537,0
542,0
544,0
547,1
551,1
554,0
562,1
565,0
569,0
571,0
573,0
575,0
578,1
587,0
590,0
591,0
592,0
594,0
595,0
605,0
614,0
621,0
628,1
629,0
631,1
632,1
633,0
641,0
643,0
644,0
645,0
647,0
650,0
653,1
664,1
666,0
676,0
677,1
678,0
683,1
684,0
685,0
687,1
688,1
689,0
692,1
694,0
696,1
697,0
700,1
702,0
704,0
707,1
708,0
713,1
714,0
715,0
717,0
720,0
721,0
731,0
733,0
734,0
736,0
738,0
739,0
740,0
752,1
753,0
754,0
755,0
758,0
759,0
760,0
767,0
775,0
781,0
785,0
788,0
798,0
799,0
800,0
821,0
827,0
829,1
831,0
832,0
835,0
838,1
840,0
846,0
847,0
850,0
862,0
868,0
869,1
873,0
874,0
877,0
878,0
880,1
881,1
885,1
889,1
890,0
896,0
901,0
903,0
909,0
913,1
918,1
929,0
937,1
942,1
943,0
945,0
953,0
965,0
968,1
969,0
974,0
976,0
977,0
979,0
980,0
987,0
989,0
990,0
994,1
998,0
999,0
1000,0
1001,0
1002,1
1007,0
1009,0
1017,0
1022,0
1024,0
1026,0
1027,0
1028,0
1029,0
1031,0
1034,0
1035,1
1040,1
1052,1
1059,1
1062,1
1063,1
1072,1
1073,0
1074,0
1076,0
1078,0
1080,0
1081,0
1085,0
1086,1
1089,0
1090,0
1092,0
1093,0
1094,0
1096,0
1097,0
1102,0
1111,0
1113,0
1119,0
1120,0
1123,0
1125,0
1127,0
1128,0
1129,0
1133,0
1134,0
1136,1
1138,0
1139,0
1143,0
1146,1
1156,1
1159,0
1162,1
1163,0
1176,0
1177,0
1183,0
1184,0
1185,0
1190,0
1192,0
1194,0
1197,0
1199,0
1208,0
1213,0
1219,1
1220,0
1226,1
1232,1
1233,0
1236,0
1239,0
1242,1
1246,0
1251,0
1253,1
1256,0
1258,0
1261,0
1262,1
1263,0
1268,0
1273,0
1283,0
1287,0
1291,0
1294,0
1296,0
1297,0
1300,1
1302,1
1305,0
1306,1
1307,0
1313,1
1317,0
1320,0
1326,0
1336,0
1338,0
1341,0
1346,0
1348,1
1350,0
1352,1
1354,0
1355,0
1356,0
1360,0
1361,0
1365,1
1367,0
1368,0
1369,0
1371,0
1376,0
1382,0
1384,1
1386,0
1387,1
1389,0
1391,0
1392,0
1395,0
1396,0
1398,0
1399,0
1400,0
1402,0
1403,0
1404,0
1405,0
1409,0
1425,1
1428,0
1433,0
1444,1
1445,0
1446,0
1449,0
1450,1
1453,0
1456,0
1458,0
1459,1
1460,0
1463,1
1464,1
1472,0
1475,0
1477,0
1479,0
1480,0
1482,0
1485,1
1486,0
1487,1
1490,0
1493,0
1494,0
1495,0
1499,1
1500,0
1504,1
1506,0
1507,0
1510,1
1511,0
1512,1
1521,0
1523,1
1524,1
1527,1
1530,0
1531,0
1537,0
1538,0
1542,0
1544,0
1549,0
1551,0
1554,0
1555,0
1561,1
1563,0
1574,0
1579,0
1581,0
1582,1
1590,0
1594,1
1595,0
1596,0
1599,0
1600,0
1606,0
1608,0
1613,0
1615,0
1618,0
1619,0
1620,0
1622,1
1628,0
1630,0
1631,0
1632,0
1634,0
1636,0
1644,1
1649,0
1652,0
1653,1
1656,0
1658,0
1663,1
1666,0
1667,0
1670,1
1672,0
1680,0
1683,0
1684,0
1690,1
1691,0
1695,0
1698,1
1704,0
1707,0
1708,0
1716,0
1719,0
1720,0
1724,0
1726,0
1727,0
1731,1
1732,0
1733,0
1734,0
1739,0
1745,0
1757,0
1760,0
1761,1
1763,0
1764,0
1766,0
1769,0
1772,0
1775,0
1776,0
1777,0
1780,0
1781,0
1785,0
1790,0
1793,0
1794,0
1798,1
1801,1
1804,0
1806,0
1810,0
1812,0
1824,1
1828,0
1831,0
1837,0
1840,0
1844,0
1856,0
1857,0
1858,0
1867,0
1868,0
1869,0
1871,0
1874,0
1875,0
1876,1
1878,1
1879,1
1883,0
1888,0
1893,0
1899,1
1909,0
1916,0
1921,0
1926,1
1928,0
1929,0
1932,0
1933,0
1934,0
1937,0
1939,0
1942,0
1946,0
1951,0
1952,0
1956,0
1959,0
1966,0
1967,0
1968,0
1969,0
1973,0
1974,0
1977,0
1979,0
1984,0
1995,0
1997,0
2004,1
2012,0
2013,0
2018,0
2022,0
2032,0
2035,0
2039,0
2043,1
2047,0
2048,0
2049,0
2051,0
2061,0
2063,0
2066,0
2068,0
2073,0
2079,0
2081,0
2082,0
2083,0
2084,0
2088,0
2091,0
2094,0
2101,0
2103,1
2104,0
2105,0
2109,0
2110,0
2111,0
2115,0
2118,0
2119,0
2120,1
2121,0
2124,0
2127,1
2129,0
2130,1
2132,1
2135,1
2138,1
2140,0
2145,0
2150,0
2152,0
2153,0
2154,1
2158,0
2162,0
2179,0
2181,0
2182,1
2184,1
2187,1
2188,1
2189,1
2190,1
2193,1
2198,0
2199,0
2207,0
2208,0
2217,0
2218,0
2219,0
2230,0
2231,0
2241,0
2243,0
2247,0
2248,1
2250,0
2256,0
2257,0
2261,0
2263,0
2264,0
2269,0
2270,0
2275,0
2276,0
2282,0
2285,0
2290,0
2291,0
2294,0
2296,0
2297,0
2299,1
2303,1
2305,1
2317,1
2321,1
2325,1
2333,0
2334,0
2335,1
2336,1
2337,1
2339,1
2342,0
2348,0
2349,0
2354,0
2357,0
2358,0
2359,0
2361,0
2363,0
2366,0
2369,1
2371,1
2372,1
2375,1
2376,1
2387,0
2389,0
2392,0
2393,0
2399,1
2402,1
2410,0
2411,1
2419,1
2420,0
2425,0
2428,0
2433,0
2442,0
2447,0
2449,0
2452,1
2453,0
2457,0
2472,0
2475,0
2478,0
2485,0
2489,0
2501,0
2502,0
2503,0
2505,0
2506,1
2507,0
2508,0
2509,0
2510,0
2513,0
2514,0
2515,0
2517,0
2518,0
2524,0
2526,0
2527,0
2528,0
2533,0
2534,0
2538,0
2541,1
2543,0
2549,0
2558,0
2560,0
2561,0
2562,0
2563,0
2566,0
2569,0
2572,0
2573,0
2575,0
2576,0
2577,0
2580,0
2582,0
2586,0
2592,0
2593,0
2594,0
2602,0
2603,1
2613,0
2614,0
2626,1
2627,1
2630,1
2639,1
2641,1
2642,1
2644,1
2648,1
2652,1
2656,1
2658,1
2659,1
2662,1
2667,0
2670,0
2671,0
2672,0
2673,0
2684,1
2685,0
2686,0
2687,0
2690,0
2691,0
2699,1
2704,0
2708,0
2710,0
2714,0
2715,0
2722,0
2723,0
2729,0
2730,0
2731,0
2737,0
2739,0
2744,0
2750,0
2751,0
2760,0
2762,0
2770,1
2771,1
2772,0
2775,1
2779,0
2782,0
2788,1
2791,1
2792,0
2793,1
2795,1
2796,1
2805,0
2807,0
2809,0
2810,1
2813,1
2814,1
2819,1
2822,0
2823,0
2830,0
2834,0
2835,0
2836,0
2842,0
2843,0
2844,0
2848,0
2854,1
2862,0
2867,0
2870,0
2879,0
2892,1
2900,0
2902,0
2904,0
2906,0
2909,0
2911,1
2912,1
2913,0
2921,0
2923,0
2925,0
2926,0
2929,0
2934,0
2935,1
2938,1
2939,0
2940,1
2945,1
2947,0
2955,0
2958,0
2965,0
2969,0
2974,0
2981,0
2985,0
2987,0
2989,0
2992,0
2993,1
2995,1
2997,1
2998,0
3002,1
3003,0
3011,1
3014,0
3019,1
3022,0
3026,1
3027,0
3028,0
3036,1
3038,0
3039,1
3049,0
3051,0
3052,0
3053,1
3054,1
3055,1
3061,0
3067,0
3070,0
3071,0
3072,0
3073,0
3077,0
3087,0
3088,0
3089,0
3092,0
3095,0
3099,0
3109,0
3110,0
3111,0
3116,0
3117,0
3120,0
3124,0
3127,0
3128,0
3129,0
3131,0
3134,0
3136,0
3142,0
3148,1
3149,1
3153,0
3161,1
3163,0
3166,0
3169,1
3170,1
3171,1
3173,0
3174,0
3176,0
3177,1
3179,0
3182,0
3184,0
3186,0
3188,0
3191,0
3194,0
3195,0
3199,0
3205,0
3206,0
3209,0
3212,0
3219,0
3222,0
3223,0
3224,0
3226,0
3228,0
3232,0
3237,1
3243,0
3248,0
3250,0
3251,0
3255,0
3260,0
3261,0
3264,0
3265,0
3266,0
3270,0
3279,0
3281,0
3286,0
3289,0
3290,0
3291,0
3293,0
3296,0
3297,0
3300,0
3305,0
3314,0
3324,0
3327,0
3328,0
3338,0
3342,1
3350,0
3351,1
3353,1
3354,1
3358,0
3362,1
3364,1
3365,1
3367,1
3371,1
3385,1
3390,1
3391,1
3397,1
3400,1
3403,1
3410,1
3412,1
3414,1
3419,1
3422,1
3430,1
3432,1
3437,1
3444,0
3449,1
3453,0
3458,0
3463,0
3464,0
3466,1
3470,0
3471,0
3473,0
3475,0
3476,1
3487,1
3489,1
3490,1
3497,1
3499,1
3500,1
3501,0
3502,0
3505,0
3507,0
3508,0
3511,0
3514,0
3515,0
3519,0
3529,0
3530,0
3532,0
3535,0
3536,0
3537,1
3538,0
3541,1
3543,0
3544,0
3554,0
3557,0
3561,0
3563,1
3568,0
3571,0
3575,0
3577,0
3578,1
3582,0
3585,1
3587,1
3590,1
3597,1
3598,1
3603,1
3604,1
3605,1
3607,1
3608,1
3612,0
3622,0
3626,0
3628,1
3634,1
3639,0
3650,0
3653,1
3654,0
3655,0
3658,0
3660,0
3661,0
3663,0
3664,0
3665,0
3667,0
3668,0
3680,0
3687,1
3688,0
3693,0
3707,0
3713,0
3715,0
3717,0
3718,0
3723,0
3724,0
3727,0
3729,1
3732,0
3733,0
3737,0
3738,0
3742,0
3744,0
3746,1
3749,1
3751,1
3757,1
3760,1
3763,1
3768,1
3774,0
3778,0
3789,0
3790,0
3792,0
3797,0
3799,0
3810,0
3813,0
3815,0
3822,0
3845,0
3848,0
3851,1
3853,0
3860,0
3862,0
3868,0
3870,1
3874,0
3875,0
3880,0
3883,0
3892,0
3894,1
3898,1
3900,1
3901,1
3905,1
3907,1
3908,1
3909,1
3912,1
3917,1
3922,1
3926,0
3932,1
3935,1
3939,0
3942,0
3952,1
3955,1
3964,0
3965,0
3967,1
3972,0
3974,1
3978,1
3983,1
3990,1
4013,1
4014,1
4016,1
4019,1
4020,0
4022,0
4028,1
4029,1
4030,1
4031,1
4034,0
4037,1
4039,1
4043,1
4048,1
4052,0
4054,1
4055,1
4064,1
4065,1
4072,1
4076,1
4078,1
4080,1
4081,0
4083,1
4084,1
4085,1
4087,1
4088,1
4090,1
4095,0
4099,1
4103,1
4107,1
4114,1
4116,1
4118,0
4119,0
4120,0
4123,0
4126,0
4127,0
4128,0
4129,1
4130,0
4131,0
4136,0
4137,0
4141,1
4143,0
4145,0
4149,0
4161,0
4162,0
4170,0
4171,0
4173,0
4174,0
4178,0
4181,0
4182,0
4187,0
4190,1
4202,1
4203,1
4204,1
4205,1
4209,1
4216,1
4222,0
4223,0
4225,1
4232,1
4234,0
4236,0
4237,0
4241,0
4245,0
4246,0
4247,0
4250,1
4254,0
4258,1
4261,0
4265,0
4267,0
4270,0
4273,0
4274,0
4281,1
4283,1
4285,0
4287,0
4290,1
4293,0
4303,1
4305,1
4309,1
4312,0
4313,0
4322,0
4325,1
4327,1
4330,1
4331,1
4339,1
4342,1
4347,1
4348,1
4350,0
4351,1
4357,0
4358,0
4366,0
4373,0
4375,0
4379,0
4382,0
4390,0
4396,0
4398,0
4403,0
4405,0
4406,0
4408,0
4415,0
4428,0
4430,0
4432,1
4433,0
4434,0
4436,1
4437,0
4438,0
4439,1
4440,0
4441,0
4445,0
4446,0
4448,1
4455,0
4460,1
4462,0
4464,0
4466,0
4467,0
4468,1
4470,1
4475,0
4478,0
4479,1
4484,0
4486,0
4487,0
4494,0
4495,0
4497,1
4502,0
4507,0
4509,0
4510,1
4519,0
4525,0
4527,0
4529,0
4531,0
4536,0
4539,0
4541,0
4542,0
4550,0
4551,1
4555,0
4557,0
4558,0
4560,1
4562,0
4564,0
4566,0
4568,0
4573,0
4578,0
4585,0
4586,0
4589,0
4596,0
4603,0
4610,1
4612,0
4616,1
4633,1
4642,1
4644,1
4650,1
4651,1
4654,0
4658,0
4668,1
4670,0
4673,1
4678,0
4679,0
4681,0
4683,0
4687,0
4691,0
4693,0
4697,0
4698,1
4700,1
4705,0
4706,0
4710,0
4712,0
4721,0
4726,0
4727,0
4729,0
4732,0
4735,1
4737,0
4739,0
4743,0
4745,0
4753,0
4754,0
4757,0
4760,0
4761,0
4763,0
4767,0
4768,0
4770,0
4771,0
4773,0
4776,0
4779,0
4781,0
4783,0
4788,0
4789,0
4792,0
4794,0
4797,0
4807,0
4810,0
4812,1
4816,1
4821,0
4826,1
4831,1
4835,1
4839,1
4843,1
4845,1
4848,1
4849,1
4853,1
4854,1
4856,1
4857,1
4860,1
4862,1
4864,1
4865,1
4868,0
4874,1
4876,1
4877,1
4880,1
4882,1
4883,1
4885,0
4887,0
4888,0
4890,1
4891,1
4894,1
4899,1
4901,1
4902,1
4903,1
4904,0
4908,1
4916,0
4919,0
4920,1
4922,0
4923,0
4925,0
4931,0
4940,1
4941,1
4944,0
4945,1
4946,0
4951,0
4955,0
4958,0
4967,0
4969,0
4973,1
4975,1
4977,1
4978,1
4985,1
4988,1
4989,0
4990,0
4994,0
4995,1
4997,1
4998,1
5000,1
5001,1
5004,1
5006,1
5007,1
5017,1
5019,1
5025,1
5028,1
5034,1
5041,0
5043,0
5045,1
5046,1
5052,1
5054,0
5055,1
5073,0
5078,0
5079,1
5088,0
5089,0
5090,0
5091,0
5092,0
5093,0
5102,1
5104,0
5106,1
5108,1
5115,1
5120,1
5122,0
5125,0
5130,1
5131,0
5139,0
5141,1
5142,1
5145,0
5147,1
5151,0
5156,0
5157,0
5161,0
5166,1
5168,1
5169,0
5171,0
5172,1
5173,1
5175,1
5176,1
5184,1
5193,1
5194,0
5196,0
5197,0
5201,0
5202,1
5205,1
5211,0
5212,0
5216,0
5219,0
5227,0
5229,1
5232,0
5233,0
5241,1
5243,1
5244,0
5249,1
5252,0
5256,1
5257,1
5260,0
5263,0
5266,0
5269,1
5271,1
5274,0
5277,1
5278,1
5279,1
5286,1
5289,1
5298,1
5299,1
5304,1
5310,0
5312,0
5317,1
5319,1
5321,1
5322,1
5325,1
5336,1
5339,1
5341,1
5343,0
5344,1
5348,0
5349,1
5351,1
5352,1
5355,1
5358,1
5361,1
5363,0
5364,1
5365,1
5369,0
5375,0
5381,0
5384,0
5388,0
5389,0
5394,1
5395,1
5396,1
5397,1
5398,1
5400,1
5401,0
5404,1
5405,1
5413,1
5419,0
5424,1
5426,0
5430,0
5433,1
5437,0
5440,1
5449,1
5451,1
5453,1
5457,0
5460,1
5462,1
5471,1
5475,1
5477,0
5478,0
5480,0
5487,0
5489,1
5491,1
5495,1
5499,1
5501,1
5502,0
5504,0
5506,1
5507,1
5511,0
5513,0
5517,0
5519,0
5520,0
5526,0
5534,0
5535,1
5539,1
5541,0
5546,0
5556,0
5557,0
5562,0
5566,1
5574,0
5584,1
5586,1
5588,0
5590,0
5591,0
5602,1
5603,0
5612,0
5614,0
5616,0
5622,0
5623,1
5628,1
5631,0
5632,0
5637,1
5640,0
5643,0
5650,0
5651,0
5653,0
5654,0
5659,1
5661,0
5671,1
5672,0
5675,1
5678,1
5681,1
5683,1
5684,1
5686,1
5687,0
5692,1
5693,1
5697,0
5699,0
5702,0
5703,0
5704,0
5708,0
5713,0
5718,0
5719,0
5724,0
5727,0
5729,0
5736,1
5737,0
5740,1
5743,1
5746,1
5747,1
5748,1
5753,1
5766,1
5770,0
5772,0
5774,1
5775,0
5781,0
5782,0
5784,0
5785,0
5787,0
5788,0
5790,0
5791,0
5792,1
5794,0
5796,0
5797,0
5801,0
5802,0
5803,0
5804,0
5807,0
5809,0
5810,0
5813,0
5816,0
5820,0
5824,0
5829,0
5835,0
5841,0
5842,0
5843,0
5846,0
5851,0
5853,1
5855,0
5867,1
5868,0
5874,0
5875,0
5877,1
5880,0
5882,0
5891,0
5892,0
5895,0
5898,0
5907,0
5908,0
5910,0
5921,0
5926,0
5931,0
5934,0
5939,1
5943,1
5947,1
5952,0
5969,1
5972,1
5973,1
5975,1
5978,1
5985,1
5991,0
6001,0
6005,0
6006,0
6010,0
6011,0
6012,0
6013,1
6015,1
6018,0
6021,0
6022,0
6033,0
6034,1
6035,1
6037,0
6040,0
6042,0
6044,0
6046,0
6050,1
6056,0
6064,1
6065,0
6069,0
6070,0
6074,0
6075,0
6076,0
6079,0
6084,0
6089,0
6095,1
6096,1
6099,0
6102,0
6108,0
6112,0
6115,1
6120,0
6122,0
6123,0
6124,0
6131,0
6132,0
6138,0
6141,0
6147,0
6149,0
6153,1
6156,0
6157,0
6158,0
6161,0
6165,1
6166,1
6172,1
6180,1
6182,1
6184,1
6185,0
6191,1
6194,0
6196,0
6197,0
6201,0
6206,0
6210,0
6221,0
6229,1
6231,0
6232,0
6235,0
6238,0
6242,0
6243,0
6244,0
6245,1
6246,1
6248,0
6249,1
6252,0
6257,0
6258,0
6260,1
6261,0
6263,1
6266,0
6272,1
6274,0
6277,0
6285,1
6292,1
6293,1
6296,0
6299,0
6308,1
6310,0
6311,0
6313,0
6319,0
6321,1
6330,1
6343,1
6354,0
6357,1
6359,0
6360,1
6361,0
6363,0
6369,0
6374,1
6379,0
6386,1
6387,0
6388,1
6401,1
6410,1
6411,0
6412,1
6413,1
6414,0
6415,1
6417,0
6425,1
6426,0
6427,0
6428,1
6438,0
6443,1
6444,1
6445,0
6452,1
6456,1
6457,1
6464,1
6469,1
6471,1
6476,1
6478,1
6480,1
6490,0
6491,0
6496,0
6500,1
6503,0
6504,0
6505,0
6510,0
6512,0
6515,1
6517,1
6518,0
6525,0
6533,1
6535,1
6538,0
6540,0
6542,1
6544,1
6545,1
6550,1
6553,0
6557,0
6558,1
6560,1
6567,1
6571,0
6583,0
6585,1
6588,0
6589,0
6591,0
6594,1
6597,1
6600,1
6609,1
6611,1
6614,0
6617,0
6624,1
6627,1
6635,0
6637,1
6641,0
6644,0
6645,0
6646,0
6650,0
6651,1
6655,0
6659,0
6660,0
6665,0
6667,1
6671,0
6672,0
6674,1
6677,1
6678,1
6682,0
6684,1
6688,0
6690,0
6702,1
6710,0
6711,1
6713,1
6717,0
6718,1
6720,0
6721,0
6722,1
6724,0
6725,0
6728,0
6730,0
6733,0
6735,1
6743,1
6744,1
6753,0
6754,1
6759,0
6761,1
6766,1
6772,1
6775,0
6789,1
6794,1
6805,0
6811,1
6816,1
6821,1
6822,0
6826,0
6829,0
6830,0
6833,0
6850,1
6854,1
6861,1
6865,0
6867,1
6871,0
6879,1
6884,0
6888,1
6896,0
6900,0
6908,0
6918,1
6928,0
6932,1
6936,1
6940,1
6941,1
6942,1
6943,1
6946,1
6947,1
6950,0
6952,1
6953,1
6954,1
6955,1
6956,1
6959,1
6960,1
6961,0
6969,0
6971,1
6973,0
6976,1
6977,1
6978,1
6979,0
6983,1
6986,0
6988,1
6996,1
7004,1
7006,1
7011,0
7014,1
7016,0
7020,0
7031,0
7033,1
7034,1
7035,0
7036,0
7037,0
7038,1
7044,1
7054,1
7057,0
7059,1
7061,1
7062,1
7067,0
7069,1
7072,1
7074,1
7076,0
7080,0
7084,1
7089,1
7090,0
7091,1
7093,0
7094,0
7098,1
7105,1
7107,1
7113,1
7114,0
7117,1
7118,1
7119,1
7128,0
7129,0
7131,0
7133,0
7136,1
7137,1
7138,1
7143,0
7146,0
7149,1
7150,1
7152,1
7156,1
7158,1
7168,1
7172,1
7177,1
7179,0
7180,1
7185,0
7187,1
7189,1
7191,0
7198,0
7199,1
7202,0
7209,1
7210,0
7212,1
7213,1
7216,1
7217,1
7218,0
7219,0
7220,1
7228,1
7229,1
7244,1
7246,1
7250,1
7253,0
7256,1
7260,1
7264,0
7265,1
7270,1
7274,1
7285,1
7286,0
7287,0
7290,1
7293,0
7295,0
7304,1
7307,0
7308,1
7312,1
7316,0
7317,1
7318,0
7329,1
7332,1
7333,0
7339,1
7340,1
7341,1
7344,0
7346,1
7350,1
7355,1
7357,0
7359,1
7362,0
7369,1
7371,1
7374,0
7383,1
7388,0
7398,1
7400,1
7407,1
7409,1
7410,0
7418,1
7420,1
7426,1
7434,0
7438,0
7452,1
7459,1
7460,1
7465,0
7466,1
7467,1
7479,1
7482,0
7484,0
7494,1
7495,1
7502,1
7509,0
7515,1
7518,0
7520,1
7521,1
7531,1
7532,0
7545,0
7550,0
7552,1
7553,1
7557,0
7558,0
7564,0
7569,0
7570,0
7578,1
7579,0
7580,1
7581,1
7583,1
7584,0
7589,1
7600,1
7601,1
7602,1
7605,1
7607,1
7608,1
7613,1
7614,1
7615,0
7616,1
7620,1
7623,1
7624,1
7629,0
7630,1
7637,1
7646,1
7651,1
7658,1
7662,0
7666,0
7668,0
7671,1
7676,1
7677,1
7682,0
7683,1
7689,0
7691,1
7693,0
7696,1
7697,1
7699,1
7703,1
7705,1
7706,1
7707,1
7708,0
7709,0
7710,0
7711,1
7712,1
7717,1
7718,0
7722,1
7724,0
7728,1
7730,0
7732,1
7734,0
7736,1
7739,1
7761,0
7762,1
7765,1
7775,0
7778,1
7779,1
7783,1
7786,1
7788,0
7791,0
7792,1
7793,0
7797,1
7798,0
7801,1
7804,0
7816,0
7819,0
7820,0
7829,0
7839,1
7840,0
7843,1
7845,1
7847,0
7850,0
7851,0
7856,0
7861,0
7866,0
7867,0
7873,0
7876,0
7878,0
7890,0
7896,0
7901,1
7906,0
7907,1
7911,1
7913,1
7915,0
7917,1
7923,1
7931,0
7933,0
7934,0
7937,1
7941,1
7948,1
7951,0
7954,0
7959,1
7961,1
7963,0
7974,0
7977,0
7978,0
7985,1
7987,1
7992,1
7993,1
7994,1
7995,1
8004,1
8007,1
8015,1
8016,1
8017,0
8018,1
8028,1
8031,1
8035,1
8036,1
8043,0
8044,0
8047,0
8049,0
8056,1
8058,1
8061,1
8063,0
8064,1
8065,0
8066,0
8069,1
8070,0
8074,0
8075,0
8076,0
8077,0
8085,1
8086,1
8087,0
8091,1
8095,0
8096,0
8097,0
8099,1
8101,0
8103,0
8104,0
8110,0
8112,1
8113,0
8114,0
8117,0
8120,1
8123,0
8126,1
8129,1
8131,0
8132,0
8133,1
8134,0
8135,0
8136,0
8139,0
8140,0
8141,1
8142,0
8148,0
8151,0
8161,0
8162,0
8163,0
8164,0
8166,0
8169,0
8170,0
8174,1
8175,0
8182,0
8183,0
8189,0
8199,1
8203,0
8204,0
8207,0
8209,0
8210,0
8212,0
8214,0
8224,0
8226,0
8231,0
8232,1
8234,0
8236,1
8237,1
8244,0
8247,0
8248,0
8249,0
8250,0
8251,0
8252,1
8255,0
8256,1
8264,1
8265,1
8266,1
8278,1
8280,0
8288,0
8290,0
8291,0
8298,1
8306,0
8307,0
8316,1
8319,0
8321,0
8331,1
8335,0
8340,0
8341,0
8349,1
8354,0
8359,0
8360,0
8366,0
8367,0
8369,0
8382,0
8386,0
8389,0
8392,1
8394,1
8396,0
8398,0
8403,1
8404,1
8405,1
8406,1
8408,1
8410,1
8411,1
8417,1
8422,0
8427,0
8429,0
8437,1
8440,1
8443,1
8453,0
8454,1
8460,0
8461,1
8466,1
8470,1
8474,1
8475,0
8477,0
8478,0
8481,1
8483,1
8484,0
8491,1
8499,1
8506,1
8520,0
8524,0
8525,0
8530,0
8534,1
8538,1
8541,0
8547,0
8549,1
8551,0
8556,0
8559,0
8564,0
8568,0
8570,0
8574,1
8576,1
8578,1
8580,0
8581,1
8584,1
8585,1
8586,1
8591,1
8593,1
8599,1
8603,0
8606,0
8613,1
8621,1
8626,1
8629,1
8631,1
8636,1
8637,0
8639,1
8640,1
8644,1
8645,1
8646,1
8650,0
8651,0
8656,0
8657,0
8659,1
8660,1
8661,1
8662,1
8665,1
8672,1
8673,1
8676,1
8678,1
8684,1
8685,1
8687,0
8691,1
8694,0
8699,0
8702,0
8704,0
8708,0
8709,0
8712,0
8714,0
8717,0
8718,0
8727,0
8739,0
8743,0
8745,0
8746,1
8754,0
8763,0
8764,0
8766,0
8777,0
8778,0
8782,0
8792,0
8795,0
8801,0
8802,0
8805,0
8808,1
8810,0
8811,0
8813,1
8818,0
8819,0
8821,0
8827,0
8834,1
8836,1
8837,1
8839,1
8840,1
8842,1
8851,1
8852,1
8854,0
8855,0
8856,0
8858,0
8867,1
8874,0
8878,0
8880,1
8881,1
8883,0
8886,0
8887,0
8893,0
8897,0
8899,0
8906,0
8907,0
8912,0
8913,0
8916,0
8917,1
8920,0
8923,1
8925,1
8929,0
8934,1
8936,0
8937,0
8939,1
8956,1
8957,1
8963,1
8965,1
8970,1
8971,1
8979,1
8990,1
9007,1
9009,1
9012,1
9014,0
9021,1
9022,1
9023,0
9026,0
9033,1
9034,0
9035,0
9036,0
9053,0
9055,1
9060,1
9062,0
9064,0
9065,0
9068,1
9069,1
9071,1
9076,0
9078,0
9083,1
9088,0
9095,1
9096,1
9099,1
9105,0
9112,0
9115,0
9116,0
9119,0
9121,0
9127,0
9136,0
9138,0
9140,0
9141,1
9143,0
9144,0
9145,1
9151,1
9153,0
9160,0
9164,0
9167,0
9168,0
9176,0
9177,1
9180,1
9188,1
9194,1
9195,1
9196,1
9197,1
9198,0
9199,0
9204,0
9206,0
9211,0
9219,0
9224,0
9225,0
9232,1
9237,0
9241,0
9243,1
9249,1
9250,1
9252,1
9253,1
9254,1
9259,1
9261,1
9262,0
9264,0
9266,0
9273,0
9276,0
9281,1
9283,0
9284,0
9289,0
9292,0
9296,0
9298,1
9299,1
9300,1
9301,1
9305,1
9307,0
9313,0
9314,0
9317,0
9320,0
9323,0
9327,0
9328,0
9340,0
9341,0
9346,0
9360,0
9367,0
9373,1
9375,0
9376,0
9377,0
9380,0
9382,0
9383,0
9393,0
9395,0
9405,0
9408,0
9409,1
9410,0
9424,1
9425,1
9426,1
9428,1
9430,1
9434,0
9435,0
9437,0
9441,0
9442,0
9445,0
9450,0
9451,0
9458,0
9460,0
9464,1
9465,0
9466,1
9470,1
9480,1
9481,1
9482,1
9485,1
9488,1
9490,1
9493,1
9495,1
9496,1
9497,1
9503,1
9510,0
9514,0
9515,0
9520,0
9522,0
9523,0
9529,0
9538,0
9540,0
9541,0
9550,0
9557,1
9560,0
9569,0
9570,0
9575,1
9579,0
9583,0
9584,0
9590,0
9609,1
9612,1
9614,1
9615,1
9620,1
9626,0
9628,0
9633,1
9643,0
9646,0
9647,0
9648,0
9655,1
9656,1
9657,1
9663,0
9668,1
9673,1
9679,0
9681,0
9685,1
9689,1
9690,0
9691,1
9693,0
9696,0
9698,0
9701,0
9706,0
9708,0
9712,0
9713,0
9714,0
9720,0
9721,1
9728,0
9731,1
9732,1
9738,0
9740,0
9741,0
9744,0
9746,0
9748,1
9749,0
9752,0
9753,0
9755,0
9760,0
9766,0
9775,0
9778,1
9784,1
9786,0
9787,0
9790,0
9792,0
9793,0
9796,0
9799,0
9803,1
9805,0
9806,0
9807,0
9809,0
9811,0
9812,1
9815,0
9818,0
9819,0
9820,0
9828,0
9829,1
9832,0
9834,0
9835,0
9839,0
9841,0
9842,0
9849,0
9854,0
9855,1
9859,0
9860,1
9861,0
9867,0
9870,1
9878,0
9887,0
9888,0
9897,0
9898,0
9900,1
9904,0
9905,1
9917,0
9918,0
9927,0
9933,0
9939,0
9942,0
9946,0
9948,1
9951,0
9952,0
9953,0
9955,0
9958,0
9962,0
9971,0
9973,0
9974,0
9975,0
9978,1
9981,0
9988,0
9991,0
9993,0
9994,1
9999,0
10004,0
10006,0
10007,0
10013,0
10020,0
10024,0
10032,0
10033,0
10037,0
10039,0
10045,1
10047,1
10048,1
10052,1
10053,1
10055,1
10059,1
10061,1
10062,1
10063,0
10067,1
10076,1
10078,0
10079,0
10081,0
10084,0
10087,0
10092,0
10097,0
10100,0
10101,0
10103,0
10126,0
10127,0
10128,0
10132,0
10134,0
10135,0
10137,0
10138,0
10144,1
10146,0
10147,0
10154,0
10155,0
10156,0
10160,1
10161,0
10168,0
10170,0
10171,0
10175,0
10179,0
10181,1
10182,0
10186,1
10187,1
10189,1
10192,0
10197,1
10199,0
10203,1
10208,1
10217,0
10218,1
10220,0
10225,0
10228,0
10229,0
10231,0
10234,0
10237,0
10239,0
10246,1
10249,0
10252,1
10254,1
10255,0
10261,1
10265,1
10268,0
10275,0
10276,0
10277,0
10280,0
10281,1
10289,0
10290,0
10296,0
10297,0
10298,0
10302,0
10304,0
10305,0
10314,1
10316,0
10318,0
10319,0
10328,0
10329,1
10331,0
10332,0
10335,1
10336,1
10338,1
10339,1
10340,1
10342,1
10347,1
10350,1
10351,1
10357,1
10364,1
10365,1
10368,1
10371,0
10372,0
10374,1
10376,1
10382,1
10383,1
10385,1
10386,1
10394,0
10396,1
10397,0
10403,0
10405,0
10408,0
10410,1
10411,0
10414,0
10415,1
10416,0
10417,0
10418,1
10419,0
10421,1
10428,1
10430,1
10431,0
10435,0
10439,0
10442,0
10445,0
10448,0
10452,1
10460,1
10462,1
10463,1
10469,1
10470,1
10473,1
10477,1
10479,0
10484,1
10485,1
10489,0
10495,0
10500,0
10515,0
10522,1
10523,0
10524,0
10526,0
10530,0
10535,0
10537,0
10545,0
10546,0
10547,0
10552,0
10560,1
10565,1
10566,1
10567,1
10576,0
10577,0
10580,0
10583,0
10586,0
10590,0
10591,0
10599,0
10611,0
10612,1
10618,0
10619,0
10632,1
10635,0
10646,0
10650,1
10652,0
10653,1
10655,1
10656,1
10657,1
10658,1
10659,1
10660,1
10661,0
10663,1
10667,1
10668,1
10678,1
10680,1
10682,1
10684,1
10685,1
10686,1
10701,1
10704,1
10712,0
10713,1
10716,0
10717,0
10718,0
10727,0
10731,0
10735,0
10740,0
10746,0
10748,0
10753,1
10758,1
10765,0
10767,1
10771,1
10772,1
10773,1
10774,1
10778,1
10781,1
10782,1
10787,0
10794,0
10795,1
10796,0
10802,0
10806,1
10809,0
10813,1
10815,0
10816,1
10817,1
10820,1
10821,0
10823,0
10826,0
10827,0
10828,0
10830,1
10831,0
10832,1
10834,0
10835,0
10841,0
10842,0
10845,1
10850,1
10851,1
10856,1
10858,0
10868,0
10873,0
10874,1
10876,1
10877,1
10885,1
10891,1
10893,1
10894,1
10897,1
10899,1
10910,0
10914,0
10915,1
10918,0
10919,0
10922,0
10929,0
10934,0
10938,0
10951,1
10952,0
10955,1
10969,1
10970,1
10971,1
10972,0
10974,0
10980,0
10981,0
10986,1
10988,0
10990,0
10996,1
10997,0
11000,0
11005,1
11006,0
11007,0
11009,1
11014,0
11015,0
11017,0
11024,0
11025,0
11026,1
11029,0
11030,1
11031,0
11032,0
11036,0
11039,1
11040,0
11042,0
11043,1
11044,0
11045,0
11050,0
11057,0
11059,0
11060,1
11061,1
11063,0
11067,0
11068,1
11070,1
11074,0
11077,1
11078,0
11079,0
11082,0
11084,1
11086,1
11091,0
11093,0
11098,0
11100,0
11103,0
11107,1
11109,1
11110,1
11115,0
11122,1
11124,0
11125,0
11141,0
11143,1
11144,0
11149,1
11155,0
11164,0
11165,0
11167,0
11169,0
11170,0
11177,0
11178,1
11180,0
11182,0
11183,1
11185,0
11190,1
11191,0
11194,1
11207,1
11212,0
11213,0
11214,1
11216,1
11217,1
11220,1
11226,1
11228,0
11233,0
11234,1
11236,1
11237,0
11240,0
11242,1
11247,1
11248,1
11250,0
11252,1
11257,0
11259,0
11262,1
11264,1
11266,1
11273,0
11275,1
11279,1
11287,0
11288,0
11289,1
11293,1
11295,0
11296,0
11300,0
11305,1
11307,1
11312,0
11314,0
11316,0
11324,1
11330,1
11334,1
11335,1
11336,1
11340,1
11342,0
11344,0
11345,0
11350,0
11351,1
11354,1
11358,0
11360,1
11362,0
11365,0
11375,1
11377,0
11380,0
11384,0
11386,1
11389,1
11392,0
11393,1
11394,1
11396,0
11398,0
11399,0
11400,0
11402,0
11403,0
11411,1
11412,0
11414,0
11415,0
11416,0
11426,0
11431,0
11433,0
11436,0
11443,0
11444,0
11445,1
11447,0
11451,1
11457,1
11461,1
11463,1
11465,1
11470,1
11472,1
11475,0
11479,0
11483,0
11484,0
11489,0
11491,0
11494,0
11510,0
11511,1
11519,0
11528,0
11532,0
11533,0
11538,0
11542,0
11546,0
11547,0
11559,0
11563,1
11564,0
11572,0
11573,0
11578,0
11580,0
11586,0
11587,0
11588,0
11590,0
11592,0
11601,1
11604,1
11610,0
11611,1
11614,1
11619,0
11620,1
11623,0
11626,0
11629,1
11630,0
11637,0
11641,0
11652,0
11654,0
11655,0
11656,0
11658,1
11660,0
11669,1
11671,1
11672,1
11674,1
11676,1
11682,0
11684,1
11686,1
11690,0
11691,0
11696,0
11703,1
11704,0
11710,1
11712,1
11716,1
11717,0
11718,0
11724,0
11725,1
11727,0
11728,0
11730,1
11731,0
11736,0
11737,0
11740,0
11743,0
11752,1
11753,0
11757,0
11758,1
11760,1
11764,1
11770,0
11771,0
11774,1
11777,0
11780,1
11794,0
11800,0
11803,1
11814,1
11817,1
11820,1
11822,1
11827,1
11828,1
11836,0
11837,0
11839,1
11840,0
11847,0
11861,1
11866,0
11868,0
11870,1
11871,0
11886,1
11893,0
11896,0
11902,1
11908,1
11909,0
11911,1
11912,1
11913,1
11919,1
11921,1
11923,1
11927,1
11931,1
11932,1
11935,1
11936,0
11937,0
11939,1
11940,0
11941,0
11944,0
11946,1
11947,0
11948,0
11953,1
11957,1
11961,1
11965,1
11968,1
11972,0
11975,0
11979,0
11980,0
11981,1
11987,0
11991,0
11992,0
11998,1
11999,1
12001,1
12004,1
12007,1
12011,1
12016,0
12017,0
12022,0
12023,0
12024,0
12026,0
12030,1
12034,0
12035,0
12038,0
12041,1
12051,1
12054,1
12057,0
12060,0
12063,1
12065,1
12067,0
12072,1
12074,0
12079,0
12081,0
12082,1
12084,0
12086,1
12088,0
12099,1
12101,1
12106,1
12108,0
12109,0
12111,0
12112,1
12116,0
12117,0
12125,1
12134,1
12136,1
12148,1
12149,0
12150,0
12153,0
12155,0
12158,1
12161,0
12163,1
12165,0
12169,1
12170,0
12172,0
12173,0
12174,1
12178,1
12179,1
12180,0
12181,1
12183,1
12184,1
12187,1
12188,0
12189,0
12191,1
12192,0
12194,1
12198,1
12201,0
12205,0
12208,0
12209,0
12211,0
12226,1
12227,0
12229,1
12231,1
12234,0
12236,1
12238,0
12240,1
12242,0
12243,1
12245,0
12246,1
12249,1
12251,0
12253,1
12258,1
12260,0
12263,1
12264,1
12268,0
12269,0
12279,0
12284,0
12287,1
12294,0
12295,0
12307,0
12308,1
12311,0
12313,0
12314,0
12318,1
12322,1
12324,1
12328,0
12342,0
12349,0
12350,0
12355,1
12358,1
12359,1
12361,1
12362,0
12363,0
12364,1
12370,0
12371,0
12380,0
12382,1
12385,0
12390,0
12393,0
12400,0
12401,0
12405,1
12412,1
12414,0
12416,0
12418,1
12433,0
12434,1
12437,0
12441,0
12442,0
12443,0
12445,0
12446,0
12449,1
12451,1
12452,1
12460,0
12461,0
12465,0
12469,0
12472,0
12473,1
12474,0
12475,1
12478,0
12479,1
12482,1
12485,1
12489,0
12491,1
12496,0
12499,0
12504,1
12505,0
12506,1
12522,1
12526,1
12531,0
12535,1
12536,1
12540,1
12542,0
12547,1
12548,1
12554,1
12555,1
12568,1
12569,1
12570,0
12576,1
12578,0
12582,0
12584,1
12587,0
12590,0
12591,1
12600,1
12602,0
12613,0
12616,0
12618,1
12620,1
12630,1
12633,1
12634,0
12639,1
12640,1
12644,0
12645,0
12646,1
12653,0
12654,0
12657,1
12660,1
12671,1
12677,0
12682,1
12690,0
12691,0
12695,0
12696,0
12700,0
12701,1
12706,0
12708,0
12709,1
12720,1
12726,1
12728,1
12729,0
12730,1
12736,0
12739,0
12746,0
12749,1
12750,1
12752,1
12755,0
12757,1
12759,1
12763,1
12771,0
12773,0
12775,0
12776,0
12777,1
12779,0
12783,1
12785,0
12788,1
12790,0
12796,0
12799,1
12800,1
12806,0
12807,1
12810,1
12812,1
12813,1
12817,1
12825,0
12826,0
12833,0
12834,0
12836,1
12838,0
12843,1
12844,0
12846,1
12847,0
12851,1
12852,0
12858,0
12859,1
12863,0
12864,0
12869,0
12874,0
12881,1
12897,1
12901,1
12903,1
12905,1
12906,1
12908,1
12909,1
12910,1
12912,0
12913,1
12914,1
12915,0
12917,1
12918,1
12924,1
12928,1
12930,1
12932,1
12934,0
12940,1
12943,1
12946,0
12951,1
12957,1
12961,0
12967,1
12968,1
12969,0
12970,0
12971,0
12973,1
12983,1
12991,0
12996,0
12997,0
12998,0
12999,1
13006,1
13008,0
13009,1
13010,1
13011,1
13012,0
13017,1
13019,0
13021,1
13033,1
13034,0
13038,1
13043,1
13044,0
13046,1
13057,1
13058,1
13059,0
13060,0
13061,1
13067,0
13068,1
13078,1
13079,0
13080,1
13081,1
13084,1
13087,0
13088,0
13089,0
13090,0
13094,1
13099,0
13103,1
13105,1
13106,1
13108,1
13109,0
13112,0
13114,0
13117,1
13126,1
13136,1
13149,0
13154,1
13161,1
13162,1
13165,1
13166,1
13170,0
13171,0
13172,0
13182,1
13183,0
13184,1
13186,0
13187,0
13188,1
13189,1
13193,0
13202,0
13203,1
13205,1
13208,1
13209,1
13211,0
13212,1
13214,0
13216,1
13219,0
13221,0
13223,0
13225,1
13226,0
13237,1
13241,1
13243,1
13246,0
13249,1
13250,1
13254,0
13255,0
13257,0
13261,0
13264,1
13275,1
13277,1
13279,0
13280,1
13284,1
13288,1
13289,0
13290,1
13295,1
13304,1
13310,0
13316,1
13318,1
13320,1
13321,0
13322,0
13324,0
13325,0
13328,0
13329,1
13331,1
13333,1
13335,1
13337,1
13339,0
13343,0
13354,0
13355,1
13363,1
13364,1
13366,1
13371,1
13387,1
13389,1
13394,1
13396,1
13400,0
13410,0
13417,1
13421,0
13428,0
13441,1
13442,1
13444,1
13450,1
13463,0
13465,1
13467,1
13470,1
13471,0
13476,0
13479,0
13481,1
13483,1
13490,0
13492,1
13494,1
13495,1
13500,1
13501,1
13503,1
13507,0
13511,1
13512,1
13518,1
13519,1
13526,1
13532,0
13534,1
13537,0
13541,1
13542,1
13543,1
13544,1
13547,0
13550,1
13551,1
13559,1
13561,1
13562,1
13565,0
13568,0
13571,1
13574,1
13575,1
13583,0
13586,1
13587,0
13591,0
13593,1
13594,1
13598,0
13604,1
13606,0
13608,0
13611,1
13615,0
13617,1
13619,0
13624,1
13626,1
13627,0
13632,1
13639,1
13647,1
13654,0
13655,1
13658,0
13670,1
13674,0
13675,1
13682,1
13684,1
13685,0
13686,0
13688,0
13692,1
13694,1
13697,0
13698,0
13699,0
13703,0
13706,0
13718,1
13722,0
13724,1
13726,1
13732,1
13734,0
13735,0
13744,0
13746,0
13748,0
13749,0
13754,0
13755,0
13757,0
13776,0
13782,1
13784,1
13789,0
13790,0
13793,0
13796,1
13802,1
13808,0
13809,0
13810,0
13814,0
13815,0
13818,0
13823,0
13832,0
13834,0
13837,0
13838,0
13851,0
13854,0
13858,0
13860,0
13862,0
13866,0
13868,0
13871,0
13873,0
13874,0
13876,0
13877,1
13878,1
13881,1
13886,0
13889,0
13895,0
13896,0
13898,0
13906,0
13907,0
13911,0
13912,1
13913,0
13914,0
13916,0
13921,0
13924,0
13928,1
13930,0
13934,1
13935,0
13941,0
13943,0
13948,0
13950,0
13952,0
13954,0
13960,0
13967,0
13970,0
13973,0
13974,0
13975,0
13977,0
13981,0
13985,0
13989,0
13990,0
13993,0
14001,0
14003,0
14006,0
14011,0
14012,0
14015,0
14021,0
14022,0
14024,0
14030,0
14036,0
14042,0
14043,0
14046,0
14047,0
14048,0
14049,0
14050,0
14061,0
14065,0
14067,0
14068,1
14070,0
14073,1
14074,0
14075,0
14077,0
14079,0
14087,0
14088,0
14096,0
14100,0
14101,0
14103,0
14105,1
14107,0
14111,0
14113,0
14115,0
14118,0
14120,0
14122,0
14126,1
14127,0
14129,0
14132,0
14133,0
14138,0
14140,0
14143,0
14144,0
14147,0
14149,0
14150,0
14151,0
14153,0
14154,0
14155,0
14157,0
14158,0
14162,0
14163,0
14166,0
14168,0
14171,0
14172,0
14176,0
14178,0
14184,0
14185,1
14186,1
14189,0
14196,0
14197,0
14206,0
14208,0
14212,0
14214,0
14226,0
14227,0
14230,0
14235,0
14237,0
14240,0
14242,0
14244,0
14247,0
14263,1
14270,0
14272,0
14273,0
14275,0
14277,0
14279,0
14283,0
14285,0
14289,1
14290,1
14294,0
14298,0
14300,0
14301,0
14305,0
14311,0
14312,0
14320,0
14325,0
14326,0
14327,0
14330,0
14334,1
14339,0
14343,0
14352,0
14353,0
14354,0
14355,0
14356,0
14359,0
14361,0
14364,0
14370,0
14372,0
14373,0
14374,0
14376,0
14377,0
14379,0
14380,0
14381,0
14384,1
14385,0
14388,0
14392,1
14398,0
14400,1
14404,0
14416,0
14424,0
14430,0
14431,0
14432,0
14435,0
14436,0
14438,0
14443,0
14447,0
14448,0
14449,0
14457,0
14460,0
14461,0
14463,0
14464,0
14466,0
14467,0
14473,0
14479,0
14488,0
14489,0
14490,0
14495,0
14499,0
14500,0
14504,0
14505,0
14508,0
14510,0
14513,0
14514,0
14532,0
14533,0
14537,0
14540,0
14544,0
14556,0
14557,0
14558,0
14559,0
14560,0
14564,0
14565,0
14568,0
14569,0
14573,0
14575,0
14576,0
14581,0
14584,1
14587,0
14588,1
14589,0
14590,1
14591,0
14593,0
14596,0
14604,0
14605,0
14606,0
14618,0
14624,0
14627,0
14629,0
14630,0
14638,0
14642,0
14643,0
14647,0
14648,0
14651,0
14652,0
14654,0
14657,0
14660,0
14661,0
14665,0
14667,0
14672,0
14673,0
14674,0
14676,0
14677,0
14679,0
14680,0
14696,1
14697,1
14698,1
14702,1
14707,1
14708,1
14709,1
14711,1
14715,1
14716,1
14719,1
14721,1
14722,1
14723,1
14725,1
14728,1
14730,1
14734,1
14735,1
14738,1
14741,1
14747,1
14748,1
14755,1
14756,1
14757,1
14761,1
14764,1
14767,1
14769,1
14770,1
14771,1
14773,1
14776,1
14785,1
14787,1
14788,1
14791,1
14795,1
14802,1
14807,1
14808,1
14809,1
14811,1
14814,1
14818,1
14819,1
14824,1
14825,1
14829,1
14832,1
14836,1
14837,1
14839,1
14845,1
14849,1
14850,1
14853,1
14856,1
14860,1
14862,1
14864,1
14873,1
14874,1
14876,1
14879,1
14882,0
14886,1
14888,1
14889,1
14890,1
14893,1
14900,1
14905,1
14906,1
14907,0
14909,0
14913,1
14914,0
14916,0
14924,1
14926,1
14928,0
14930,0
14931,0
14935,0
14942,0
14949,1
14954,0
14959,0
14960,1
14965,0
14966,1
14969,0
14970,0
14971,0
14973,1
14974,1
14977,1
14986,1
14992,1
15005,1
15014,1
15015,1
15016,1
15020,0
15023,0
15025,0
15027,1
15028,0
15034,0
15035,0
15036,0
15037,0
15043,1
15044,1
15047,0
15050,0
15051,0
15052,0
15058,0
15060,0
15063,0
15066,0
15067,0
15068,0
15075,1
15076,1
15079,1
15089,0
15090,0
15092,0
15097,1
15102,1
15105,1
15107,1
15111,1
15112,1
15116,1
15119,0
15120,0
15123,1
15124,0
15128,0
15129,0
15130,0
15134,1
15139,0
15141,1
15148,0
15149,1
15152,1
15155,1
15156,1
15161,1
15163,1
15168,1
15172,1
15173,1
15176,1
15177,1
15178,1
15183,1
15188,1
15189,1
15196,1
15197,1
15207,1
15209,1
15210,1
15212,1
15217,1
15221,1
15222,1
15228,0
15233,0
15236,0
15241,0
15242,0
15248,1
15250,1
15251,1
15257,0
15258,0
15259,0
15263,0
15264,0
15266,0
15267,1
15268,0
15273,0
15274,0
15276,0
15278,0
15280,0
15281,0
15285,0
15295,0
15309,1
15314,1
15315,1
15318,1
15319,1
15324,1
15325,1
15335,0
15338,1
15340,1
15341,1
15348,1
15353,0
15356,0
15361,0
15366,0
15370,0
15374,0
15381,0
15388,0
15391,1
15392,1
15394,0
15397,0
15403,0
15407,0
15411,0
15413,1
15414,0
15415,1
15416,0
15419,0
15422,0
15423,0
15425,0
15428,0
15434,0
15436,0
15438,0
15439,0
15441,0
15452,0
15453,0
15461,0
15463,0
15471,0
15476,0
15477,0
15480,0
15504,0
15505,0
15506,0
15513,1
15515,0
15523,0
15525,0
15526,0
15536,1
15537,0
15538,0
15541,0
15542,0
15543,0
15547,1
15551,0
15552,0
15557,0
15558,0
15559,0
15563,0
15566,0
15568,0
15572,0
15574,0
15577,0
15584,0
15586,0
15592,0
15593,0
15597,0
15598,0
15599,0
15600,0
15604,0
15605,0
15610,0
15613,0
15617,0
15618,0
15619,0
15620,1
15623,1
15624,1
15627,1
15629,0
15630,0
15631,0
15634,0
15638,0
15650,0
15655,1
15658,1
15662,1
15667,1
15676,1
15681,0
15682,0
15684,0
15690,0
15692,0
15699,1
15704,1
15705,1
15708,1
15712,1
15714,1
15717,1
15721,1
15727,1
15730,0
15731,0
15732,0
15733,1
15734,0
15736,0
15738,1
15741,0
15746,0
15754,1
15768,0
15770,0
15776,0
15783,0
15790,0
15793,0
15795,0
15796,0
15797,0
15803,0
15807,0
15810,0
15813,0
15816,1
15817,0
15820,0
15830,0
15832,0
15834,0
15840,0
15841,0
15847,1
15851,0
15853,0
15854,1
15855,0
15857,0
15859,0
15860,0
15863,0
15864,1
15865,0
15867,0
15868,0
15870,0
15878,0
15880,0
15884,0
15885,0
15889,0
15899,0
15904,0
15914,0
15916,0
15921,1
15922,0
15927,0
15928,0
15930,0
15934,0
15941,0
15948,0
15949,0
15951,0
15957,0
15960,0
15964,1
15967,1
15973,1
15974,0
15980,0
15982,0
15996,0
16000,0
16003,1
16004,0
16005,0
16009,0
16012,0
16014,0
16019,1
16027,0
16028,0
16032,0
16034,0
16038,0
16039,0
16041,1
16045,1
16047,0
16048,1
16050,1
16052,0
16054,0
16055,0
16059,0
16060,0
16061,0
16062,1
16063,1
16064,0
16068,0
16071,0
16072,0
16074,0
16075,0
16080,0
16081,0
16083,0
16084,1
16085,1
16096,0
16100,1
16104,0
16105,0
16111,0
16113,0
16114,0
16118,0
16119,1
16121,0
16128,0
16131,0
16134,0
16136,0
16138,1
16140,0
16142,0
16147,0
16153,0
16156,0
16160,0
16167,1
16172,0
16174,1
16175,0
16183,0
16185,0
16188,0
16189,0
16193,0
16194,0
16195,0
16200,1
16201,0
16205,0
16206,0
16210,0
16217,0
16218,0
16219,0
16220,0
16223,1
16231,1
16235,0
16240,1
16242,0
16246,0
16248,0
16251,0
16255,0
16256,0
16257,0
16259,1
16261,0
16264,1
16265,1
16266,0
16269,0
16277,0
16279,0
16281,0
16283,0
16285,0
16287,0
16297,0
16304,0
16310,0
16311,1
16312,0
16319,1
16327,0
16334,0
16335,0
16337,0
16343,1
16345,0
16348,0
16350,0
16351,0
16354,0
16357,1
16358,1
16359,1
16365,0
16367,0
16373,0
16383,0
16388,0
16390,0
16392,1
16393,1
16394,0
16397,0
16399,1
16410,1
16413,1
16415,0
16417,1
16419,0
16422,0
16427,0
16428,0
16429,0
16431,1
16437,0
16439,0
16441,0
16445,1
16448,0
16451,0
16455,0
16460,0
16464,0
16466,0
16467,0
16471,0
16472,0
16477,1
16478,0
16481,1
16484,1
16490,0
16499,0
16504,0
16511,0
16512,1
16520,0
16523,0
16524,1
16533,0
16534,0
16535,0
16536,0
16543,0
16545,1
16548,1
16549,1
16550,1
16554,1
16555,1
16556,1
16557,1
16559,1
16564,1
16565,1
16568,1
16572,1
16574,0
16577,0
16580,0
16585,0
16589,0
16591,0
16595,0
16596,1
16602,0
16604,0
16607,0
16608,0
16611,1
16612,0
16613,0
16615,0
16617,0
16618,0
16619,0
16626,0
16629,0
16638,0
16641,0
16644,0
16645,0
16646,0
16647,0
16654,0
16655,1
16656,0
16658,0
16663,1
16669,0
16670,0
16677,0
16679,0
16683,0
16686,0
16692,0
16693,0
16694,1
16696,1
16697,1
16699,1
16701,0
16714,0
16715,0
16717,0
16718,0
16721,0
16722,0
16723,0
16736,0
16739,0
16741,0
16743,0
16744,0
16747,0
16756,0
16761,0
16771,1
16772,1
16780,0
16781,0
16782,0
16784,0
16788,1
16791,0
16802,0
16805,0
16813,0
16821,0
16827,0
16833,0
16841,0
16850,0
16851,0
16860,0
16861,0
16863,0
16865,0
16868,0
16875,0
16879,0
16885,0
16887,0
16888,1
16889,0
16890,0
16892,0
16894,0
16901,0
16902,0
16904,0
16905,0
16906,0
16908,0
16910,0
16916,0
16917,0
16919,0
16923,0
16924,0
16926,0
16929,0
16930,0
16931,0
16932,0
16934,1
16941,0
16948,0
16950,0
16952,0
16953,0
16954,0
16962,0
16963,0
16965,0
16966,0
16969,0
16971,0
16973,0
16977,0
16978,0
16981,0
16983,0
16986,0
16989,1
16991,0
16994,0
16995,0
16999,0
17000,0
17001,0
17002,0
17005,0
17008,0
17013,0
17015,0
17018,0
17019,1
17020,0
17021,0
17023,0
17028,0
17030,0
17032,0
17034,0
17036,0
17044,0
17050,0
17052,0
17055,0
17058,0
17059,0
17063,0
17066,0
17068,0
17069,0
17070,0
17079,0
17081,0
17084,0
17093,0
17098,0
17103,0
17104,0
17105,0
17108,0
17110,0
17111,0
17113,0
17118,0
17120,0
17122,0
17125,0
17135,1
17137,0
17143,0
17146,0
17151,0
17152,0
17154,0
17155,0
17165,0
17167,1
17168,1
17177,0
17178,0
17180,0
17183,0
17185,1
17186,1
17190,0
17191,0
17192,0
17193,0
17197,1
17202,1
17210,0
17212,0
17215,0
17227,1
17238,0
17240,0
17246,1
17249,1
17254,0
17261,1
17265,1
17266,1
17269,1
17271,1
17273,0
17278,0
17286,0
17294,0
17303,0
17305,0
17306,0
17310,0
17311,0
17312,1
17316,0
17317,0
17320,0
17323,0
17328,0
17330,0
17335,0
17336,0
17338,1
17347,0
17349,1
17350,0
17353,0
17361,0
17370,0
17373,0
17380,0
17385,0
17396,0
17400,0
17402,0
17409,0
17412,0
17417,0
17420,0
17421,0
17423,0
17426,0
17428,0
17431,0
17434,0
17436,0
17446,0
17447,0
17452,0
17457,0
17462,0
17464,0
17466,0
17467,0
17469,0
17480,0
17483,0
17484,1
17486,0
17487,0
17488,0
17493,0
17497,0
17501,0
17502,0
17508,0
17513,0
17515,0
17518,0
17523,0
17532,0
17534,0
17535,0
17536,0
17541,1
17550,0
17551,0
17554,0
17561,0
17563,0
17565,0
17566,0
17568,0
17570,0
17577,0
17579,0
17582,0
17583,0
17584,0
17588,0
17592,0
17594,0
17596,0
17601,1
17604,1
17607,0
17611,0
17614,0
17624,0
17628,0
17630,0
17631,0
17632,0
17633,0
17636,0
17641,0
17642,0
17643,0
17648,0
17651,0
17652,0
17653,0
17654,0
17655,0
17664,0
17665,0
17668,0
17672,0
17673,0
17678,0
17681,0
17688,0
17690,0
17695,0
17697,0
17702,0
17710,0
17712,0
17717,0
17723,0
17724,0
17726,0
17728,0
17729,0
17730,0
17732,0
17733,0
17736,0
17737,0
17738,0
17740,0
17743,0
17753,0
17754,0
17755,0
17758,0
17766,0
17768,0
17773,0
17776,0
17777,0
17780,0
17785,0
17786,0
17791,0
17792,0
17793,0
17797,0
17800,0
17803,0
17805,0
17806,0
17812,0
17813,0
17814,0
17822,0
17823,0
17830,0
17833,0
17835,0
17839,0
17841,0
17842,0
17846,0
17848,0
17851,0
17852,0
17853,0
17854,1
17855,0
17864,0
17866,0
17876,0
17880,0
17881,0
17885,0
17886,0
17889,0
17894,0
17896,1
17899,0
17902,0
17907,0
17910,0
17911,0
17917,0
17919,0
17921,0
17924,0
17925,0
17932,0
17934,0
17935,0
17938,0
17942,0
17943,0
17947,0
17952,0
17954,0
17957,0
17960,0
17962,0
17966,0
17968,0
17969,0
17974,0
17976,0
17978,0
17979,0
17982,1
17985,0
17989,0
17992,0
17994,0
17995,0
17996,0
17998,0
18000,0
18001,0
18003,0
18005,0
18006,0
18009,0
18013,0
18017,0
18029,1
18030,1
18034,0
18039,1
18045,0
18047,0
18053,0
18073,0
18074,0
18075,0
18081,0
18088,0
18093,0
18095,0
18097,0
18098,0
18102,0
18104,0
18106,0
18108,0
18109,0
18111,0
18113,0
18115,0
18121,0
18123,0
18132,0
18133,0
18137,0
18138,0
18140,0
18141,0
18143,0
18149,0
18150,0
18155,0
18158,0
18159,0
18166,0
18171,0
18177,0
18179,0
18182,0
18190,0
18193,0
18200,0
18201,0
18203,0
18204,0
18208,0
18210,0
18215,0
18225,0
18227,0
18231,0
18232,0
18233,0
18234,0
18240,0
18241,0
18244,0
18250,0
18251,0
18256,0
18258,0
18261,0
18262,0
18263,0
18265,1
18266,0
18267,1
18269,0
18272,0
18275,0
18278,0
18285,0
18287,0
18290,0
18292,0
18297,0
18302,0
18307,0
18315,0
18319,0
18321,0
18323,0
18326,0
18333,0
18340,1
18344,1
18351,1
18357,1
18359,1
18360,1
18363,1
18367,1
18369,0
18370,0
18373,0
18380,0
18382,0
18385,0
18386,0
18391,0
18393,0
18394,0
18395,0
18401,0
18404,0
18409,0
18411,0
18412,0
18413,0
18414,0
18416,0
18422,0
18424,0
18426,0
18429,0
18432,0
18433,0
18436,0
18440,0
18443,0
18449,0
18455,0
18459,0
18462,0
18470,0
18477,0
18478,0
18481,0
18482,0
18483,0
18485,0
18486,0
18489,0
18491,0
18502,0
18503,0
18507,0
18512,1
18523,0
18529,0
18530,0
18531,1
18534,0
18541,0
18543,0
18544,0
18546,0
18548,0
18550,0
18553,0
18556,1
18557,0
18565,0
18568,0
18572,0
18580,0
18586,0
18591,1
18594,1
18595,1
18598,1
18604,1
18610,0
18613,0
18614,0
18615,0
18616,0
18620,0
18623,0
18628,0
18629,0
18631,0
18633,0
18634,0
18635,0
18641,1
18651,0
18656,0
18662,0
18670,0
18673,0
18677,0
18682,0
18686,1
18687,1
18689,0
18690,1
18694,0
18698,0
18699,0
18702,0
18703,0
18705,0
18708,0
18710,0
18717,0
18725,0
18726,0
18727,0
18729,0
18736,0
18740,0
18744,0
18745,0
18753,0
18757,0
18758,0
18765,0
18766,0
18768,0
18772,0
18773,0
18782,0
18785,0
18787,0
18789,0
18791,0
18798,0
18802,0
18804,0
18806,0
18809,0
18810,0
18812,0
18815,0
18817,1
18820,0
18825,0
18826,0
18828,0
18832,1
18837,0
18841,0
18855,1
18863,0
18864,0
18868,0
18870,0
18880,0
18882,0
18883,0
18884,1
18886,0
18887,0
18894,0
18903,0
18906,0
18910,0
18912,0
18915,0
18916,0
18918,0
18919,0
18920,0
18925,0
18927,0
18932,1
18933,0
18934,0
18936,0
18940,0
18945,0
18947,0
18952,0
18958,0
18959,0
18961,0
18962,0
18964,0
18969,0
18973,0
18977,0
18983,0
18985,1
18992,0
18995,0
18996,0
18997,0
18998,0
19000,1
19001,0
19005,0
19006,0
19011,0
19012,0
19013,0
19015,0
19017,0
19018,0
19020,0
19021,0
19024,0
19027,0
19032,0
19036,0
19040,1
19043,1
19047,0
19053,0
19063,0
19065,0
19071,0
19072,0
19073,0
19074,0
19079,0
19081,0
19083,0
19086,0
19088,0
19090,0
19093,0
19094,0
19095,0
19097,0
19102,0
19104,1
19109,0
19116,0
19120,0
19123,0
19129,0
19133,1
19134,1
19137,0
19139,0
19143,0
19144,0
19150,1
19153,0
19155,0
19156,0
19157,0
19160,0
19165,0
19167,0
19175,0
19185,1
19186,1
19188,1
19195,1
19196,1
19198,1
19199,1
19202,1
19205,1
19207,1
19212,1
19215,1
19216,1
19217,1
19218,1
19220,1
19221,1
19227,1
19234,1
19239,1
19240,0
19241,0
19242,0
19245,0
19248,0
19259,0
19262,1
19266,1
19271,0
19272,0
19273,0
19275,0
19277,0
19280,0
19281,0
19283,1
19289,0
19292,0
19297,0
19298,0
19303,0
19304,0
19308,0
19309,0
19311,0
19314,0
19315,0
19324,0
19325,0
19330,0
19331,0
19334,0
19335,0
19336,0
19337,0
19341,0
19342,0
19345,0
19351,0
19359,0
19368,1
19369,1
19372,0
19379,0
19380,0
19382,0
19383,0
19385,0
19388,0
19390,0
19393,0
19401,0
19402,0
19405,0
19415,0
19421,0
19422,0
19423,0
19428,0
19429,0
19432,0
19434,0
19435,0
19437,0
19438,0
19439,0
19452,0
19453,0
19455,0
19457,0
19458,0
19466,0
19469,0
19472,0
19477,0
19479,0
19480,0
19484,0
19489,0
19496,0
19497,0
19503,0
19504,0
19510,0
19513,0
19517,0
19521,0
19522,0
19523,0
19525,0
19528,0
19529,1
19530,0
19531,0
19533,0
19535,0
19537,0
19538,0
19543,0
19544,0
19550,0
19552,1
19555,0
19557,0
19560,0
19562,0
19569,1
19570,0
19575,0
19576,1
19577,0
19582,1
19592,0
19596,0
19599,0
19602,1
19606,0
19607,0
19608,0
19615,0
19616,0
19618,0
19626,0
19627,0
19628,0
19630,0
19631,0
19635,0
19636,0
19639,0
19644,0
19646,0
19654,0
19655,0
19659,0
19660,0
19661,0
19663,0
19664,0
19667,0
19668,0
19670,0
19674,1
19676,0
19687,0
19692,0
19693,0
19697,0
19699,0
19706,0
19708,0
19709,0
19710,0
19715,0
19718,0
19721,0
19728,0
19732,0
19736,0
19738,0
19739,0
19752,0
19753,0
19757,0
19762,0
19763,1
19766,0
19769,0
19777,0
19779,0
19780,0
19782,0
19786,0
19787,0
19792,0
19794,0
19795,0
19802,0
19803,0
19804,0
19806,0
19812,0
19813,0
19818,0
19820,0
19824,0
19831,0
19834,0
19835,0
19837,0
19838,0
19839,0
19840,0
19843,0
19844,0
19849,0
19850,0
19853,0
19855,0
19859,0
19861,0
19862,0
19868,0
19871,0
19872,0
19873,0
19876,0
19877,0
19881,0
19882,0
19888,0
19891,0
19892,0
19893,0
19894,0
19895,0
19896,0
19898,0
19899,0
19901,0
19903,0
19905,0
19906,1
19911,0
19912,0
19918,0
19919,0
19926,0
19928,0
19931,0
19933,0
19936,0
19939,0
19944,0
19945,0
19950,0
19952,0
19959,0
19963,0
19973,0
19979,0
19981,0
19985,0
19987,0
19991,0
19994,0
19997,0
19998,0
19999,0
20007,0
20010,0
20014,0
20015,0
20017,0
20018,0
20023,0
20025,0
20028,0
20031,0
20032,0
20035,0
20037,0
20042,0
20043,0
20051,0
20054,0
20055,0
20058,0
20067,0
20068,0
20071,0
20073,0
20080,0
20084,0
20085,0
20090,0
20091,0
20095,0
20096,0
20097,0
20098,0
20099,0
20102,0
20108,0
20111,0
20115,0
20120,0
20121,0
20123,0
20125,0
20129,0
20131,0
20133,0
20135,0
20136,0
20137,0
20140,0
20142,0
20143,0
20144,0
20145,0
20156,0
20158,0
20159,0
20160,0
20161,0
20162,0
20165,0
20166,0
20169,0
20176,0
20180,0
20181,0
20182,0
20187,0
20189,0
20191,0
20197,0
20202,0
20205,0
20206,0
20214,0
20215,0
20218,0
20219,0
20226,0
20227,0
20231,0
20232,0
20235,0
20242,0
20243,0
20252,0
20255,0
20257,0
20262,0
20269,0
20275,0
20276,0
20277,0
20280,0
20281,0
20284,0
20286,0
20287,0
20289,0
20291,0
20292,0
20300,0
20312,0
20321,0
20322,0
20326,0
20329,0
20333,0
20334,0
20339,0
20340,0
20341,0
20352,0
20353,0
20354,0
20355,0
20356,0
20357,0
20360,0
20369,0
20375,0
20376,0
20378,0
20380,0
20381,0
20388,0
20389,0
20391,0
20392,0
20395,0
20407,0
20408,0
20410,0
20411,0
20412,0
20416,0
20431,0
20433,0
20440,0
20442,0
20449,0
20454,0
20456,0
20467,0
20470,0
20473,0
20484,0
20488,0
20489,0
20495,0
20499,0
20502,0
20507,0
20510,0
20515,0
20519,0
20520,0
20521,0
20523,0
20524,0
20526,0
20532,0
20535,0
20537,0
20541,0
20544,0
20548,0
20549,0
20554,0
20559,0
20560,0
20561,0
20562,0
20565,0
20568,0
20571,0
20573,0
20577,0
20580,0
20585,0
20586,0
20592,0
20593,0
20599,0
20602,0
20605,0
20607,0
20613,0
20615,0
20620,0
20623,0
20628,0
20630,0
20633,0
20635,0
20638,0
20640,0
20643,0
20647,0
20650,0
20651,0
20655,0
20659,0
20661,0
20662,0
20666,0
20670,0
20673,0
20684,0
20687,0
20692,0
20695,0
20697,0
20699,0
20700,0
20706,0
20707,0
20708,0
20709,0
20715,0
20716,0
20717,0
20718,0
20720,0
20722,0
20738,0
20747,0
20748,0
20753,0
20755,0
20758,0
20762,0
20764,0
20765,0
20767,0
20771,0
20776,0
20781,0
20783,0
20788,0
20790,0
20791,0
20800,0
20804,0
20807,0
20808,0
20809,0
20811,0
20813,0
20817,0
20818,0
20822,0
20823,0
20826,0
20829,0
20831,0
20841,0
20843,0
20844,0
20845,0
20846,0
20847,0
20850,0
20852,0
20855,0
20856,0
20859,0
20863,0
20866,0
20875,0
20883,0
20886,0
20889,0
20892,0
20896,0
20897,0
20900,0
20903,0
20906,0
20908,0
20911,0
20912,0
20916,0
20917,0
20918,0
20922,0
20923,0
20924,0
20928,0
20930,0
20931,0
20939,0
20941,0
20944,0
20947,0
20950,0
20953,0
20956,0
20957,0
20962,0
20967,0
20970,0
20974,1
20976,0
20977,1
20978,0
20979,0
20985,0
20986,0
20991,0
21003,0
21004,0
21005,0
21010,0
21011,0
21019,0
21025,0
21028,0
21029,0
21030,0
21032,0
21035,0
21036,0
21039,0
21041,0
21052,0
21053,0
21054,0
21064,0
21066,0
21073,0
21075,0
21078,0
21081,0
21083,0
21087,0
21088,0
21089,0
21096,0
21098,0
21102,0
21103,0
21111,0
21117,0
21121,0
21124,0
21128,0
21131,0
21134,0
21137,0
21139,0
21142,0
21144,0
21147,0
21148,0
21154,0
21156,0
21160,0
21162,0
21167,0
21168,0
21169,0
21173,0
21184,0
21185,0
21187,0
21189,0
21190,0
21195,0
21203,0
21205,0
21214,0
21216,0
21217,0
21223,0
21224,0
21231,0
21238,0
21242,0
21245,0
21246,0
21247,0
21251,0
21252,0
21254,0
21257,0
21263,0
21271,0
21274,0
21278,1
21280,0
21284,0
21285,0
21286,0
21288,0
21292,0
21293,0
21294,0
21299,0
21311,0
21315,0
21321,0
21322,0
21323,0
21326,0
21327,0
21330,0
21331,0
21332,0
21335,0
21344,0
21351,0
21352,0
21353,0
21356,0
21364,0
21365,0
21370,0
21371,0
21375,0
21376,0
21379,0
21384,1
21387,0
21389,0
21390,0
21396,0
21400,0
21401,0
21402,0
21405,0
21406,0
21409,0
21411,0
21414,0
21415,0
21421,0
21424,0
21428,0
21431,0
21441,0
21443,0
21445,0
21449,0
21452,0
21457,0
21458,0
21467,0
21468,0
21469,0
21470,0
21473,0
21480,0
21482,0
21484,0
21485,0
21487,0
21489,0
21493,0
21495,0
21497,0
21500,0
21503,0
21504,0
21506,0
21507,0
21515,0
21517,0
21518,0
21519,0
21520,0
21524,0
21527,0
21529,0
21544,0
21553,0
21555,0
21557,0
21561,0
21562,0
21569,0
21570,0
21571,0
21572,0
21579,0
21580,0
21583,0
21584,0
21588,0
21589,0
21597,0
21605,0
21606,0
21613,0
21614,0
21625,0
21626,0
21628,0
21630,0
21633,0
21635,0
21639,0
21641,0
21646,0
21647,0
21648,0
21652,0
21654,0
21656,0
21658,0
21661,0
21663,0
21665,0
21669,0
21671,0
21673,0
21674,1
21675,0
21676,0
21681,0
21687,0
21691,0
21694,0
21695,0
21696,0
21700,0
21701,0
21703,0
21704,0
21705,0
21710,0
21712,0
21713,0
21715,0
21720,0
21724,0
21725,0
21728,0
21736,0
21738,0
21745,0
21746,0
21747,0
21756,0
21757,0
21761,0
21762,0
21763,0
21767,0
21768,0
21772,0
21775,0
21778,0
21779,0
21782,0
21785,0
21787,0
21789,0
21790,0
21791,0
21792,0
21795,0
21798,0
21799,0
21801,0
21806,0
21807,0
21810,0
21816,0
21818,0
21828,0
21829,0
21831,0
21838,1
21839,0
21842,0
21843,1
21847,1
21850,1
21851,1
21852,0
21854,0
21855,0
21856,0
21858,0
21860,0
21861,0
21863,0
21864,0
21869,0
21872,0
21873,0
21877,0
21878,0
21879,0
21890,0
21891,0
21895,0
21896,0
21899,0
21905,1
21906,0
21907,0
21910,0
21912,0
21913,0
21914,0
21915,0
21917,0
21918,0
21919,0
21920,0
21921,0
21925,0
21926,0
21934,0
21941,0
21943,0
21947,0
21949,0
21950,0
21952,0
21953,0
21954,0
21956,0
21965,0
21967,0
21976,0
21977,0
21978,0
21980,0
21988,0
21992,0
21994,0
21997,0
21999,0
22003,0
22005,0
22006,0
22008,0
22009,0
22015,0
22018,1
22020,0
22021,0
22022,0
22027,0
22031,0
22044,1
22050,0
22052,0
22058,0
22059,0
22064,0
22066,0
22072,0
22074,0
22082,0
22085,0
22086,0
22090,0
22091,0
22095,0
22111,0
22112,0
22115,0
22118,0
22120,0
22121,0
22122,0
22123,0
22134,0
22140,0
22144,0
22147,1
22150,0
22151,0
22153,0
22154,0
22165,1
22166,0
22168,0
22173,0
22174,0
22175,0
22177,0
22180,0
22183,0
22186,0
22190,0
22191,0
22194,0
22195,0
22196,1
22200,0
22201,0
22202,0
22203,0
22211,0
22212,0
22213,0
22215,0
22218,0
22222,0
22223,0
22224,0
22226,0
22228,0
22233,0
22234,0
22238,0
22244,0
22245,0
22252,0
22254,0
22258,0
22265,0
22267,0
22271,0
22272,0
22274,0
22277,0
22278,0
22280,0
22285,0
22288,0
22290,0
22292,0
22299,0
22301,0
22302,0
22305,0
22306,0
22308,0
22313,0
22314,0
22315,0
22320,0
22327,0
22328,0
22332,1
22333,0
22334,0
22347,0
22349,0
22352,0
22361,0
22366,0
22373,0
22374,0
22376,0
22385,0
22387,0
22389,1
22395,0
22399,0
22400,0
22404,0
22405,0
22406,0
22412,0
22414,0
22419,0
22422,0
22424,0
22427,0
22428,0
22429,0
22432,1
22437,0
22442,0
22447,0
22448,0
22449,0
22452,0
22454,0
22455,0
22456,0
22463,0
22471,0
22472,0
22473,0
22476,0
22480,0
22481,0
22489,0
22491,0
22496,0
22499,0
22501,0
22503,0
22504,0
22513,0
22516,1
22521,0
22524,0
22526,0
22527,0
22528,0
22532,0
22535,0
22536,0
22538,1
22540,0
22552,0
22559,1
22560,0
22564,0
22569,0
22575,0
22577,0
22581,0
22583,0
22586,0
22587,0
22591,0
22596,0
22612,0
22613,0
22615,0
22616,0
22618,0
22625,0
22627,0
22630,0
22639,0
22643,1
22645,0
22649,0
22654,0
22657,0
22658,0
22664,0
22666,0
22667,0
22668,0
22672,0
22677,0
22681,0
22683,0
22688,0
22691,1
22693,1
22694,0
22695,0
22696,0
22699,0
22700,0
22701,0
22702,0
22714,1
22716,0
22718,0
22732,0
22733,0
22734,0
22736,0
22739,0
22742,0
22746,0
22748,0
22751,0
22753,0
22755,0
22756,0
22757,0
22758,0
22769,0
22774,1
22778,1
22780,0
22788,0
22789,0
22790,0
22801,0
22803,1
22804,0
22809,0
22810,0
22811,0
22813,1
22814,0
22816,0
22817,0
22827,0
22831,0
22832,0
22833,0
22837,0
22840,0
22841,0
22842,0
22843,0
22844,0
22846,0
22850,0
22852,0
22859,0
22860,0
22863,0
22865,0
22873,0
22877,0
22878,0
22883,0
22885,0
22886,0
22896,0
22897,0
22906,0
22908,0
22909,0
22912,0
22916,0
22917,0
22918,0
22919,0
22921,0
22933,0
22935,0
22936,0
22941,0
22942,0
22945,0
22951,0
22962,0
22970,0
22973,0
22976,0
22978,0
22979,0
22986,0
22987,0
22991,0
22993,0
22994,0
22995,0
23003,0
23005,0
23006,0
23007,0
23008,0
23011,0
23012,0
23018,0
23019,0
23020,0
23021,0
23025,0
23027,0
23028,0
23032,0
23033,0
23034,0
23035,0
23039,0
23046,0
23048,0
23054,0
23056,0
23059,0
23062,0
23063,0
23064,0
23069,0
23071,0
23073,0
23077,0
23081,0
23085,0
23095,0
23097,0
23099,0
23104,0
23106,0
23108,0
23110,0
23113,0
23115,0
23117,0
23119,0
23120,0
23126,0
23129,0
23133,0
23134,0
23135,0
23142,0
23144,0
23148,0
23150,0
23152,0
23156,0
23157,0
23161,0
23164,0
23166,0
23173,0
23178,0
23181,0
23183,0
23186,0
23187,0
23188,0
23190,0
23193,0
23195,0
23197,0
23202,0
23203,0
23205,0
23206,0
23207,0
23212,0
23213,0
23220,0
23222,0
23225,0
23226,0
23227,0
23229,0
23230,1
23231,0
23235,0
23239,0
23240,0
23242,0
23245,0
23249,0
23251,0
23255,0
23260,0
23267,0
23274,1
23277,0
23281,0
23284,0
23291,0
23297,0
23298,0
23300,0
23302,1
23304,0
23310,1
23313,0
23314,0
23315,0
23317,0
23323,0
23324,1
23343,0
23344,0
23350,0
23352,0
23353,1
23354,1
23355,0
23356,0
23363,0
23364,0
23373,0
23376,0
23377,0
23378,0
23379,0
23381,0
23382,0
23389,0
23395,1
23399,0
23411,0
23412,0
23415,0
23417,0
23428,0
23432,0
23436,0
23437,0
23445,1
23446,0
23447,0
23452,1
23453,0
23454,0
23459,0
23468,0
23470,1
23474,0
23485,0
23487,0
23497,0
23500,0
23501,0
23502,0
23508,0
23521,0
23524,0
23526,0
23538,0
23543,0
23548,0
23553,0
23554,1
23555,1
23559,0
23561,0
23562,0
23564,0
23573,0
23574,0
23579,0
23581,0
23583,0
23590,0
23593,0
23594,0
23600,0
23601,0
23606,1
23610,0
23615,0
23616,0
23618,0
23619,0
23623,0
23624,0
23625,0
23629,0
23630,0
23633,0
23634,0
23638,1
23640,0
23641,0
23649,0
23653,0
23668,0
23669,0
23671,0
23677,0
23679,0
23680,1
23684,1
23688,0
23690,0
23691,0
23693,0
23694,0
23695,0
23702,0
23706,0
23712,0
23713,0
23715,1
23716,0
23730,0
23742,0
23744,0
23751,0
23761,0
23762,0
23765,0
23766,0
23771,0
23774,0
23776,0
23777,1
23778,0
23779,0
23792,0
23793,0
23800,0
23802,0
23804,0
23814,0
23816,1
23823,0
23824,0
23832,0
23834,0
23835,0
23840,0
23842,0
23844,0
23857,0
23863,0
23867,0
23869,0
23870,0
23873,0
23875,0
23878,0
23880,0
23884,0
23887,0
23890,0
23892,0
23895,0
23898,1
23901,0
23902,0
23904,0
23906,0
23907,0
23912,0
23925,0
23926,0
23928,0
23929,0
23931,0
23932,0
23934,0
23937,0
23943,0
23946,0
23949,0
23950,0
23964,0
23968,0
23971,0
23974,0
23978,0
23983,0
23986,1
23988,0
23995,0
24004,0
24005,0
24012,0
24021,0
24022,0
24023,0
24025,0
24028,0
24032,0
24034,0
24036,0
24037,0
24040,0
24043,0
24047,0
24057,0
24059,0
24061,0
24062,0
24081,0
24082,0
24086,0
24093,0
24094,0
24103,0
24107,0
24113,0
24115,0
24120,0
24124,0
24126,0
24130,0
24136,0
24139,0
24145,0
24154,0
24158,0
24170,0
24172,0
24181,0
24184,0
24186,0
24189,1
24192,0
24194,0
24197,0
24199,0
24204,0
24205,0
24208,0
24209,0
24210,0
24211,0
24215,0
24217,0
24219,0
24220,0
24221,0
24230,0
24244,0
24245,0
24246,0
24252,1
24253,0
24257,0
24260,0
24262,0
24264,0
24267,0
24270,0
24282,0
24284,0
24285,0
24286,1
24287,1
24292,0
24293,0
24297,0
24298,0
24299,0
24306,0
24308,0
24316,0
24320,0
24323,1
24326,0
24328,0
24330,0
24332,0
24333,0
24335,0
24338,0
24341,0
24344,0
24346,0
24347,0
24355,0
24356,0
24357,0
24361,0
24363,0
24367,0
24375,0
24377,0
24380,0
24381,0
24382,0
24384,0
24385,0
24393,0
24397,1
24400,0
24402,0
24403,0
24405,0
24406,0
24413,0
24415,0
24417,0
24419,1
24420,0
24421,0
24422,0
24424,0
24429,0
24430,0
24431,0
24435,0
24441,0
24443,0
24450,0
24452,0
24454,0
24460,1
24464,0
24468,0
24470,0
24473,0
24474,0
24485,0
24488,0
24489,0
24491,1
24495,1
24497,0
24499,0
24508,0
24512,0
24514,0
24515,0
24517,0
24520,0
24525,0
24527,0
24528,0
24529,0
24533,0
24534,0
24536,0
24537,0
24538,0
24540,0
24549,1
24551,0
24552,0
24557,0
24560,1
24562,0
24569,1
24570,0
24573,0
24579,0
24582,0
24584,0
24588,0
24589,0
24591,0
24592,0
24593,0
24600,0
24607,0
24610,0
24618,0
24622,1
24623,0
24626,0
24630,0
24638,1
24642,0
24644,0
24646,1
24648,0
24649,0
24656,0
24658,0
24659,0
24661,0
24672,0
24679,0
24681,0
24692,0
24694,0
24698,0
24699,0
24700,0
24705,0
24708,0
24709,0
24712,0
24713,0
24714,0
24715,0
24718,0
24720,0
24724,0
24726,0
24734,0
24736,0
24739,0
24746,0
24752,0
24760,0
24764,0
24767,0
24769,0
24770,0
24776,0
24781,0
24782,0
24784,1
24786,0
24787,0
24788,0
24797,0
24798,0
24800,0
24804,0
24808,0
24809,0
24812,0
24815,0
24819,0
24821,0
24826,0
24831,0
24836,0
24838,1
24840,0
24842,0
24844,1
24847,1
24855,0
24857,0
24858,0
24860,0
24863,1
24864,0
24865,0
24867,0
24872,0
24875,0
24879,0
24883,0
24889,0
24903,0
24905,0
24906,0
24908,0
24913,0
24924,0
24926,0
24941,0
24945,0
24952,0
24954,0
24955,0
24957,1
24960,1
24964,0
24969,0
24970,0
24971,0
24972,0
24973,0
24975,1
24983,1
24988,0
24991,0
24994,0
24995,0
24998,0
25005,0
25009,0
25010,0
25011,0
25013,0
25018,0
25023,0
25024,0
25026,0
25027,0
25029,1
25030,0
25031,0
25032,0
25034,0
25039,0
25041,0
25047,0
25048,0
25049,0
25055,0
25061,0
25069,0
25071,1
25075,0
25076,0
25083,0
25084,0
25087,0
25092,0
25095,1
25100,0
25107,0
25112,0
25115,0
25116,0
25123,0
25127,0
25128,0
25134,0
25135,0
25141,0
25142,0
25144,0
25145,0
25151,0
25153,0
25154,0
25156,0
25160,0
25164,0
25168,0
25171,0
25173,1
25181,0
25182,0
25184,0
25188,1
25189,0
25192,0
25194,0
25198,0
25202,0
25203,0
25205,0
25209,0
25211,0
25215,1
25222,1
25226,0
25231,0
25232,0
25233,0
25234,1
25235,0
25239,0
25240,0
25242,0
25254,0
25264,0
25266,0
25267,0
25270,1
25273,0
25274,1
25279,0
25280,0
25285,0
25289,1
25290,1
25292,0
25302,1
25310,0
25311,0
25312,0
25313,0
25314,0
25319,0
25322,0
25323,0
25326,0
25333,0
25336,0
25339,0
25341,0
25347,0
25348,0
25350,0
25358,0
25359,0
25364,0
25365,0
25367,0
25372,0
25378,0
25381,1
25383,0
25384,1
25385,0
25388,0
25390,0
25395,0
25396,0
25397,0
25398,1
25399,0
25401,1
25404,0
25405,0
25406,0
25411,0
25415,1
25418,1
25419,0
25423,0
25425,0
25426,0
25427,0
25435,0
25436,0
25438,0
25441,0
25444,1
25445,0
25451,0
25455,1
25456,0
25459,0
25463,0
25467,0
25470,1
25472,0
25481,0
25489,0
25490,0
25491,0
25494,0
25495,0
25496,0
25502,0
25503,0
25504,0
25508,0
25509,0
25510,0
25511,1
25512,0
25514,0
25515,0
25519,0
25522,0
25524,0
25527,0
25528,0
25529,0
25533,1
25536,1
25542,0
25543,0
25544,0
25545,0
25547,0
25552,0
25564,0
25567,1
25571,0
25576,0
25581,1
25583,0
25586,0
25588,0
25589,1
25590,0
25591,0
25592,0
25595,0
25601,0
25607,0
25611,1
25614,0
25616,0
25619,0
25621,0
25622,0
25625,1
25627,0
25628,0
25631,0
25634,0
25636,0
25642,0
25644,0
25645,0
25653,0
25662,0
25665,0
25666,1
25668,0
25671,0
25673,0
25675,0
25682,0
25692,0
25693,0
25696,0
25698,0
25700,0
25702,0
25705,0
25706,0
25707,0
25708,0
25711,0
25712,0
25713,0
25715,0
25717,1
25719,0
25721,0
25722,0
25725,0
25727,0
25728,0
25729,0
25736,0
25741,0
25749,0
25751,0
25754,0
25757,0
25760,1
25761,0
25763,0
25764,0
25765,0
25766,0
25770,0
25773,0
25774,0
25776,0
25781,0
25783,0
25784,1
25785,0
25791,0
25792,0
25794,0
25799,0
25800,0
25805,1
25809,0
25810,0
25811,0
25813,0
25814,0
25818,0
25822,0
25824,0
25829,0
25835,0
25839,0
25840,0
25846,0
25853,0
25854,0
25857,0
25858,1
25867,0
25868,0
25883,0
25887,0
25888,0
25891,0
25894,0
25896,1
25897,1
25899,0
25908,0
25910,0
25911,0
25916,0
25917,0
25918,0
25925,0
25926,0
25929,0
25933,1
25934,0
25936,1
25938,0
25940,0
25942,0
25943,0
25945,0
25949,1
25953,1
25957,1
25958,1
25960,0
25962,0
25963,1
25974,0
25978,0
25981,1
25983,0
25984,0
25987,0
25992,0
25993,0
25996,0
25998,0
25999,0
26007,0
26014,0
26016,0
26019,0
26027,1
26031,1
26037,1
26038,1
26041,0
26049,0
26053,0
26055,0
26059,0
26062,0
26063,0
26064,0
26069,0
26071,0
26079,0
26080,0
26082,0
26083,0
26084,0
26088,0
26090,0
26093,1
26095,0
26097,0
26098,0
26101,0
26107,0
26108,0
26109,0
26111,0
26112,0
26114,0
26120,0
26128,0
26129,0
26130,0
26140,0
26141,0
26142,0
26143,1
26145,0
26146,0
26152,1
26157,1
26158,0
26159,0
26160,1
26162,0
26167,0
26168,0
26173,0
26179,0
26181,0
26188,0
26195,0
26196,0
26197,0
26199,0
26200,0
26203,0
26210,1
26213,1
26215,1
26217,0
26223,0
26227,0
26229,0
26231,0
26242,0
26243,0
26244,0
26246,0
26251,0
26252,0
26253,0
26255,0
26263,0
26264,0
26265,0
26269,0
26275,0
26277,0
26281,0
26282,0
26284,0
26287,0
26288,1
26293,0
26294,0
26295,0
26296,0
26300,0
26302,0
26303,0
26305,0
26306,0
26315,0
26318,0
26319,0
26320,0
26326,0
26330,0
26335,0
26339,0
26341,0
26347,0
26353,1
26360,0
26363,0
26364,0
26369,0
26376,0
26377,0
26381,0
26384,0
26394,0
26397,0
26400,0
26405,0
26406,0
26408,0
26409,0
26411,0
26413,0
26415,0
26421,0
26423,0
26429,0
26431,0
26436,0
26440,0
26444,0
26445,0
26447,0
26449,0
26450,0
26455,0
26471,0
26474,0
26480,0
26482,0
26485,0
26488,0
26491,0
26492,1
26502,1
26504,0
26506,0
26507,1
26508,0
26509,1
26515,1
26516,0
26525,0
26526,0
26533,0
26536,1
26540,0
26541,1
26546,1
26547,0
26548,0
26549,0
26551,1
26552,0
26553,0
26554,0
26563,0
26564,0
26568,0
26573,1
26575,0
26576,0
26578,0
26580,0
26581,1
26586,0
26589,0
26594,1
26596,0
26604,1
26606,0
26611,0
26612,0
26613,1
26615,0
26620,0
26621,0
26630,1
26632,0
26633,0
26639,0
26641,0
26642,0
26643,0
26644,0
26646,0
26647,0
26650,0
26651,0
26655,0
26665,0
26669,0
26671,0
26674,0
26676,0
26677,0
26680,0
26681,0
26682,0
26685,1
26690,0
26692,0
26694,0
26698,0
26699,0
26702,0
26703,0
26708,1
26712,0
26713,0
26716,0
26718,0
26719,0
26727,0
26729,0
26730,0
26731,0
26732,0
26736,0
26737,1
26739,0
26741,0
26742,0
26743,0
26754,0
26764,0
26767,1
26769,1
26779,0
26781,0
26783,0
26788,0
26789,0
26790,0
26797,1
26807,0
26810,1
26812,0
26813,0
26815,1
26819,1
26820,1
26821,1
26829,1
26830,0
26831,0
26833,0
26834,0
26839,1
26843,0
26850,0
26853,0
26854,0
26863,1
26866,1
26867,1
26868,0
26870,1
26876,0
26877,0
26879,1
26883,0
26890,0
26896,0
26897,0
26901,0
26904,0
26906,1
26908,0
26910,0
26913,1
26915,0
26920,0
26924,1
26925,0
26926,1
26929,0
26933,0
26936,0
26939,0
26945,0
26946,0
26948,1
26953,1
26955,0
26958,0
26960,0
26962,0
26969,1
26973,0
26975,0
26979,0
26985,0
26986,1
26989,0
26991,0
26994,0
26995,1
26996,0
26997,1
26999,0
27000,0
27001,0
27002,0
27003,0
27009,1
27010,0
27011,0
27013,0
27015,0
27018,0
27022,0
27023,1
27025,0
27033,0
27041,0
27046,0
27048,0
27051,0
27064,0
27067,0
27072,0
27076,0
27078,1
27079,0
27080,0
27082,0
27089,0
27091,1
27097,0
27099,0
27101,0
27104,0
27107,1
27112,0
27114,1
27116,1
27120,0
27122,0
27123,0
27126,0
27129,0
27130,0
27137,0
27139,0
27140,0
27141,0
27145,0
27147,0
27152,0
27156,0
27157,0
27162,0
27163,0
27171,0
27174,0
27177,0
27178,0
27180,0
27182,0
27187,0
27192,0
27194,1
27197,0
27198,0
27199,0
27204,1
27208,0
27213,0
27216,0
27220,0
27225,0
27226,1
27231,1
27239,0
27241,0
27242,0
27248,0
27257,0
27258,0
27261,0
27262,0
27270,1
27279,1
27283,0
27290,1
27292,0
27293,0
27295,0
27298,0
27300,0
27301,0
27309,0
27310,0
27311,1
27315,0
27316,0
27317,0
27318,0
27322,0
27325,1
27338,0
27339,1
27340,0
27350,0
27356,0
27357,1
27358,0
27363,0
27364,1
27370,0
27375,1
27377,0
27378,0
27387,0
27389,0
27392,0
27400,0
27404,0
27408,0
27409,0
27412,1
27413,0
27414,1
27417,0
27418,0
27420,1
27429,1
27430,0
27433,0
27434,1
27439,0
27440,0
27444,0
27446,0
27447,0
27448,0
27451,0
27453,0
27454,0
27457,1
27460,0
27466,0
27467,1
27472,0
27480,1
27482,0
27489,0
27491,0
27496,0
27498,1
27502,1
27510,0
27512,0
27521,0
27522,0
27523,0
27529,0
27531,1
27540,0
27544,0
27547,0
27552,0
27553,0
27559,0
27561,0
27564,0
27569,0
27584,0
27587,0
27588,0
27592,0
27593,0
27598,0
27603,0
27604,0
27605,0
27608,0
27612,0
27613,0
27615,0
27616,0
27617,0
27619,0
27621,0
27623,0
27624,0
27626,0
27629,0
27630,0
27631,1
27634,0
27637,0
27638,0
27640,0
27646,1
27648,0
27651,0
27652,0
27654,0
27658,0
27659,0
27665,0
27671,1
27674,0
27680,0
27681,0
27683,0
27686,0
27689,0
27691,0
27694,0
27696,0
27697,0
27699,0
27703,0
27712,0
27715,0
27716,1
27718,0
27720,0
27724,0
27729,1
27731,0
27733,0
27736,0
27738,0
27739,0
27741,0
27747,0
27749,0
27750,0
27754,0
27756,0
27758,0
27762,0
27763,0
27766,0
27767,0
27768,0
27770,0
27775,0
27778,0
27779,0
27780,0
27791,0
27793,1
27797,0
27801,0
27805,0
27814,1
27815,0
27821,0
27824,0
27826,1
27831,1
27847,0
27852,0
27856,0
27869,0
27881,0
27883,1
27885,0
27890,0
27896,0
27900,0
27904,1
27906,0
27908,0
27911,0
27912,1
27921,0
27923,1
27928,0
27929,0
27932,0
27941,0
27942,0
27943,0
27951,0
27953,0
27964,0
27965,0
27969,0
27973,0
27978,1
27980,1
27981,1
27982,0
27989,0
27993,1
28002,0
28005,0
28007,0
28008,0
28011,0
28023,0
28025,0
28030,0
28032,0
28036,0
28040,0
28042,0
28043,0
28054,0
28055,0
28056,0
28061,0
28064,0
28068,0
28071,0
28072,0
28077,0
28082,0
28083,0
28085,0
28092,0
28093,0
28097,0
28104,0
28115,0
28117,0
28123,0
28145,0
28147,0
28150,0
28155,0
28156,0
28158,0
28159,0
28162,0
28163,0
28166,1
28167,0
28170,0
28174,0
28185,1
28186,0
28195,0
28198,0
28199,1
28200,1
28202,1
28207,0
28215,0
28216,0
28220,0
28221,0
28223,0
28226,0
28244,0
28249,0
28252,1
28267,0
28270,1
28278,0
28282,0
28284,0
28286,0
28289,0
28298,0
28302,0
28303,0
28304,0
28308,0
28313,0
28314,0
28316,0
28318,0
28319,1
28320,0
28322,0
28327,0
28330,1
28334,0
28335,1
28340,0
28342,0
28343,0
28345,0
28352,0
28353,0
28356,0
28357,0
28365,0
28366,0
28372,0
28374,0
28375,0
28376,0
28380,0
28384,0
28385,1
28386,0
28388,0
28394,0
28398,1
28399,0
28401,0
28402,1
28404,0
28407,0
28410,0
28415,1
28430,0
28432,0
28444,0
28448,0
28449,0
28451,0
28453,0
28456,0
28464,0
28467,0
28475,0
28481,0
28482,0
28486,0
28487,0
28488,0
28492,0
28497,1
28499,0
28500,0
28504,1
28505,0
28517,0
28522,0
28524,0
28526,0
28532,0
28533,0
28536,0
28541,0
28545,0
28551,0
28552,0
28553,0
28556,0
28557,0
28558,0
28567,0
28569,0
28573,0
28579,0
28587,0
28588,1
28592,0
28595,0
28597,0
28600,1
28603,0
28607,0
28608,0
28610,0
28611,1
28614,0
28616,0
28619,0
28620,0
28629,0
28636,0
28637,0
28640,0
28643,0
28644,0
28646,0
28654,0
28658,0
28660,0
28662,0
28663,0
28664,0
28665,0
28666,0
28667,0
28668,1
28670,0
28673,0
28674,0
28677,0
28678,0
28679,0
28684,0
28686,0
28691,0
28695,0
28699,0
28702,0
28704,0
28707,0
28711,0
28721,0
28723,0
28724,0
28728,0
28729,0
28730,0
28731,0
28735,0
28737,0
28740,0
28744,1
28746,1
28747,0
28753,1
28759,0
28761,0
28764,0
28767,0
28768,0
28769,0
28770,1
28774,0
28776,0
28778,0
28783,0
28785,0
28787,0
28788,0
28798,0
28800,0
28802,0
28803,0
28808,0
28810,1
28815,0
28816,0
28819,0
28820,0
28823,0
28829,0
28846,0
28861,0
28867,0
28868,0
28870,0
28873,0
28874,0
28877,0
28882,0
28885,0
28888,0
28889,0
28892,0
28907,0
28909,0
28915,0
28916,0
28920,0
28922,0
28923,0
28924,0
28925,0
28927,0
28929,0
28930,0
28931,0
28938,0
28940,0
28942,0
28944,0
28946,0
28953,0
28955,0
28958,0
28960,0
28963,1
28964,0
28967,0
28972,0
28973,0
28974,0
28979,0
28982,0
28986,0
28987,1
28988,0
28996,0
28997,0
29001,0
29002,0
29003,0
29008,0
29009,0
29013,0
29015,0
29017,0
29021,0
29022,0
29026,0
29027,0
29030,0
29035,0
29037,1
29039,1
29041,0
29045,0
29050,0
29053,0
29055,0
29056,0
29064,0
29065,0
29066,0
29070,0
29072,0
29077,0
29080,1
29081,0
29083,1
29085,0
29086,0
29090,0
29093,0
29094,0
29096,0
29097,1
29100,0
29103,0
29105,0
29113,0
29116,0
29118,0
29129,0
29130,0
29137,0
29142,0
29144,0
29146,1
29148,0
29163,0
29164,0
29171,0
29174,0
29177,0
29178,0
29183,0
29184,0
29185,0
29187,0
29189,0
29190,0
29193,0
29194,0
29196,0
29197,0
29200,0
29202,0
29205,0
29207,0
29223,0
29231,0
29232,0
29234,0
29235,0
29238,0
29243,1
29244,0
29251,1
29258,0
29266,0
29269,0
29270,0
29273,0
29274,0
29275,0
29276,0
29277,0
29280,0
29281,0
29285,0
29286,0
29287,0
29290,0
29292,0
29293,0
29299,0
29301,0
29303,1
29305,1
29309,1
29314,0
29317,1
29323,0
29325,0
29327,0
29328,0
29331,0
29332,0
29338,0
29341,0
29344,0
29351,0
29353,0
29359,0
29360,0
29367,0
29368,0
29371,0
29373,0
29376,0
29379,0
29381,0
29382,0
29384,0
29389,0
29395,0
29398,1
29400,0
29404,0
29407,0
29409,0
29418,0
29419,0
29421,0
29423,0
29424,0
29425,1
29428,0
29437,0
29439,0
29441,0
29445,0
29447,0
29448,0
29449,0
29453,0
29454,1
29455,0
29467,1
29469,0
29470,0
29472,0
29476,0
29477,0
29478,0
29484,0
29485,0
29490,0
29491,0
29492,0
29496,0
29497,0
29505,0
29507,0
29514,0
29516,0
29518,0
29520,0
29521,0
29524,0
29527,0
29528,0
29530,0
29534,0
29535,0
29537,0
29538,0
29540,0
29545,0
29546,0
29547,0
29550,0
29554,1
29555,0
29556,1
29558,0
29561,0
29565,0
29571,0
29574,0
29581,0
29582,0
29583,0
29586,0
29594,0
29600,0
29602,0
29607,0
29608,0
29609,0
29614,0
29625,0
29633,0
29637,1
29639,1
29640,0
29644,0
29650,0
29660,0
29661,0
29670,0
29671,0
29673,0
29681,0
29692,0
29693,0
29694,0
29697,0
29698,0
29699,0
29700,0
29705,0
29714,0
29715,0
29718,0
29721,0
29722,0
29725,0
29726,0
29727,0
29730,0
29732,0
29733,0
29734,0
29737,0
29742,0
29758,1
29760,1
29767,0
29771,0
29772,1
29773,0
29777,0
29779,1
29784,0
29785,0
29793,0
29797,0
29799,0
29801,0
29804,0
29806,0
29807,0
29810,0
29812,1
29816,0
29823,0
29827,0
29828,0
29833,1
29834,0
29836,0
29838,0
29839,0
29840,0
29843,0
29845,0
29847,0
29848,0
29849,0
29852,0
29855,0
29857,0
29859,0
29862,0
29865,0
29866,0
29867,0
29871,0
29876,0
29886,0
29889,1
29896,0
29898,0
29901,0
29906,0
29913,0
29923,0
29924,0
29926,0
29930,0
29932,0
29933,0
29938,0
29939,0
29940,0
29941,0
29942,0
29947,0
29949,0
29953,0
29961,0
29967,0
29976,0
29979,0
29983,0
29984,0
29995,0
29997,0
29999,0
30001,0
30004,0
30011,0
30012,0
30016,0
30017,0
30022,0
30023,0
30027,0
30028,0
30035,0
30038,0
30046,0
30048,0
30049,0
30051,1
30055,1
30060,0
30067,0
30068,1
30071,0
30073,0
30076,0
30079,0
30080,0
30082,0
30084,0
30085,0
30086,0
30096,0
30109,0
30110,1
30111,0
30118,0
30120,0
30121,0
30122,0
30123,0
30126,1
30128,0
30130,0
30134,0
30135,0
30143,0
30146,0
30149,0
30152,0
30154,0
30155,0
30157,0
30161,0
30162,0
30165,0
30175,0
30176,0
30177,0
30178,0
30179,0
30180,0
30181,1
30182,0
30189,0
30192,0
30199,0
30201,0
30205,0
30207,0
30209,0
30211,0
30212,0
30214,0
30218,0
30220,0
30226,0
30233,0
30242,0
30243,0
30245,0
30249,0
30250,0
30251,0
30263,0
30264,0
30269,0
30274,0
30275,1
30276,0
30277,0
30279,0
30283,0
30297,0
30303,0
30308,0
30309,0
30312,0
30314,0
30321,0
30322,0
30324,0
30332,0
30340,0
30342,0
30344,0
30347,0
30357,0
30359,0
30367,0
30369,0
30372,0
30375,0
30381,0
30384,0
30386,1
30391,1
30392,1
30393,0
30395,0
30404,0
30405,0
30416,0
30417,0
30418,0
30419,0
30430,0
30431,0
30436,0
30446,0
30452,0
30460,0
30461,0
30462,0
30464,0
30466,0
30467,0
30468,0
30470,0
30473,0
30477,0
30479,0
30487,1
30490,0
30491,0
30492,0
30495,0
30497,0
30498,0
30506,0
30507,0
30510,0
30513,0
30515,0
30519,0
30522,0
30524,0
30528,0
30534,0
30539,0
30540,0
30542,0
30543,0
30551,0
30558,0
30560,0
30567,0
30568,0
30570,0
30573,0
30579,0
30585,0
30590,0
30592,0
30604,0
30608,0
30609,0
30614,0
30615,0
30616,0
30618,0
30627,0
30630,0
30636,0
30637,0
30638,0
30639,0
30642,0
30643,0
30648,0
30650,0
30654,0
30656,0
30657,0
30661,0
30665,0
30666,0
30667,0
30669,0
30673,0
30675,0
30678,0
30679,0
30680,0
30681,0
30683,0
30686,0
30688,0
30690,0
30691,0
30694,0
30697,0
30698,0
30703,0
30713,0
30715,0
30721,1
30729,0
30730,0
30733,0
30743,0
30745,0
30751,0
30754,0
30755,0
30757,0
30759,0
30762,0
30769,0
30771,0
30773,0
30778,0
30784,0
30785,0
30786,0
30799,0
30801,0
30804,0
30806,0
30808,0
30809,0
30810,0
30814,0
30818,0
30826,0
30831,0
30833,0
30834,0
30835,0
30838,0
30843,0
30852,0
30855,0
30866,0
30871,0
30881,0
30882,0
30893,0
30901,0
30911,0
30912,0
30914,0
30915,0
30916,0
30934,0
30937,0
30950,0
30951,0
30960,0
30961,0
30962,1
30963,0
30964,0
30968,0
30977,0
30983,0
30986,0
30992,0
31001,0
31008,0
31009,0
31010,0
31014,0
31015,0
31025,0
31027,0
31031,0
31033,0
31036,0
31038,0
31040,0
31042,0
31045,0
31054,0
31061,0
31062,0
31064,0
31065,0
31070,0
31073,0
31078,0
31080,0
31081,0
31083,0
31086,0
31088,0
31091,0
31092,0
31102,0
31107,0
31113,0
31114,0
31120,0
31121,0
31122,0
31124,0
31125,0
31130,0
31134,0
31136,0
31138,0
31139,0
31140,0
31143,0
31144,0
31151,0
31152,0
31157,0
31158,0
31160,0
31166,0
31173,0
31175,0
31176,0
31177,1
31179,0
31182,0
31184,0
31187,0
31188,0
31193,0
31194,0
31198,0
31202,0
31203,0
31204,0
31206,0
31209,0
31210,0
31214,0
31225,0
31226,0
31230,0
31231,0
31233,0
31238,0
31250,0
31252,0
31254,0
31257,0
31270,0
31275,0
31276,1
31279,0
31291,0
31293,0
31296,0
31297,0
31303,0
31304,0
31305,0
31323,0
31324,0
31325,0
31328,0
31334,0
31336,0
31341,0
31344,0
31345,0
31347,0
31348,0
31350,0
31356,0
31357,0
31373,0
31374,0
31376,0
31379,0
31381,0
31384,0
31385,0
31392,0
31394,1
31395,0
31397,1
31399,0
31403,1
31404,0
31407,0
31408,0
31413,0
31427,0
31428,0
31434,0
31436,0
31438,0
31443,0
31450,0
31455,0
31457,0
31462,0
31470,0
31474,0
31476,0
31484,0
31494,0
31495,0
31496,0
31497,0
31498,0
31502,0
31509,0
31511,0
31518,0
31522,0
31527,0
31532,0
31533,0
31539,0
31541,0
31546,0
31548,0
31549,0
31550,0
31551,0
31553,0
31556,0
31559,0
31562,0
31567,0
31568,0
31569,0
31570,0
31572,0
31575,1
31576,0
31577,0
31586,0
31589,0
31595,0
31601,0
31602,0
31603,0
31604,0
31605,0
31612,0
31613,0
31616,0
31620,1
31621,0
31623,0
31624,0
31627,0
31633,0
31635,0
31644,0
31648,0
31654,0
31663,0
31672,0
31673,1
31674,0
31675,0
31676,0
31677,0
31681,0
31684,0
31690,0
31692,0
31693,0
31694,0
31697,0
31700,1
31702,0
31703,0
31704,0
31705,0
31707,0
31711,0
31712,0
31715,0
31721,0
31722,0
31723,0
31729,0
31730,0
31739,0
31740,0
31749,0
31752,0
31753,0
31759,0
31767,0
31768,0
31777,0
31778,0
31783,0
31786,0
31790,0
31791,0
31792,0
31796,0
31798,0
31799,0
31800,0
31801,0
31814,0
31820,0
31827,0
31837,0
31839,0
31840,0
31848,0
31849,0
31850,0
31855,0
31856,0
31857,0
31858,0
31860,0
31864,0
31865,0
31870,0
31874,1
31877,0
31879,0
31881,0
31884,0
31886,0
31890,1
31891,0
31892,0
31897,1
31901,0
31914,0
31915,1
31923,0
31924,0
31926,0
31931,0
31934,0
31937,0
31941,0
31947,0
31948,0
31951,0
31955,0
31958,0
31961,0
31968,0
31969,1
31972,1
31976,0
31980,0
31981,0
31982,0
31986,0
31992,0
31996,0
31997,0
32002,0
32003,0
32009,0
32014,0
32017,0
32018,0
32023,0
32027,0
32028,0
32030,0
32036,0
32038,0
32040,0
32041,1
32043,0
32046,0
32047,0
32048,0
32050,0
32054,0
32060,0
32061,0
32063,0
32066,0
32069,0
32072,0
32073,0
32079,0
32087,0
32089,0
32090,0
32092,0
32096,0
32101,0
32104,0
32106,0
32114,0
32118,0
32120,0
32130,0
32133,0
32137,0
32140,0
32147,0
32149,0
32153,0
32154,0
32162,0
32163,0
32167,0
32170,0
32171,0
32173,0
32174,0
32175,0
32176,0
32181,0
32187,0
32193,0
32196,0
32197,0
32198,0
32199,0
32201,0
32202,0
32207,0
32212,0
32214,0
32218,0
32220,0
32222,0
32224,0
32225,0
32231,0
32232,0
32233,0
32244,0
32248,0
32253,0
32258,0
32260,0
32262,0
32265,0
32267,0
32268,0
32273,0
32275,0
32280,0
32287,0
32289,1
32293,0
32299,0
32300,0
32303,0
32304,0
32305,0
32308,0
32310,0
32311,0
32315,0
32319,0
32321,0
32322,0
32327,0
32329,0
32331,0
32333,0
32338,0
32340,1
32347,0
32351,0
32358,1
32360,0
32365,0
32366,0
32368,0
32370,0
32379,0
32383,0
32386,0
32393,0
32394,0
32400,0
32404,0
32409,0
32413,0
32415,0
32419,0
32421,0
32424,0
32425,0
32427,0
32431,0
32432,0
32438,0
32439,0
32440,0
32441,0
32443,0
32450,0
32452,0
32455,0
32459,0
32460,0
32469,0
32473,0
32478,0
32480,0
32483,0
32491,0
32493,0
32501,0
32502,0
32505,0
32509,0
32514,0
32516,0
32523,0
32526,1
32531,0
32532,0
32538,0
32542,0
32543,0
32544,0
32545,0
32548,0
32551,0
32560,0
32561,0
32567,0
32569,0
32571,0
32572,0
32574,0
32577,0
32578,0
32581,0
32583,0
32586,0
32592,0
32593,0
32595,0
32598,0
32599,0
32600,0
32602,0
32605,0
32611,0
32613,0
32616,0
32619,0
32620,0
32628,0
32629,0
32631,0
32640,0
32643,0
32649,0
32651,0
32652,0
32654,0
32655,0
32657,0
32660,0
32666,0
32667,0
32670,0
32675,0
32676,0
32687,0
32689,0
32690,0
32693,0
32695,0
32696,0
32698,0
32699,0
32701,0
32702,0
32704,0
32706,0
32709,0
32713,0
32714,0
32715,0
32717,0
32721,0
32730,1
32731,0
32732,0
32733,0
32735,0
32741,0
32743,0
32745,0
32751,0
32753,0
32760,0
32761,0
32764,0
32769,0
32774,0
32776,0
32777,0
32778,0
32782,0
32784,0
32788,0
32791,0
32801,0
32808,0
32810,0
32815,0
32816,0
32818,0
32822,0
32827,0
32828,0
32829,1
32833,1
32836,0
32837,0
32840,0
32841,0
32845,0
32854,0
32855,0
32858,0
32863,0
32868,0
32869,0
32874,0
32876,0
32885,0
32887,0
32889,0
32890,0
32899,0
32906,0
32908,0
32909,0
32912,0
32914,0
32916,0
32917,0
32925,0
32928,0
32932,0
32935,0
32938,0
32942,0
32944,0
32948,0
32949,0
32957,0
32958,0
32960,0
32962,0
32965,0
32967,0
32968,0
32969,0
32973,0
32975,0
32976,0
32977,0
32980,0
32985,0
32987,0
32990,0
32991,0
32993,0
32996,0
32997,0
32998,0
32999,0
33000,0
33003,0
33011,0
33013,0
33018,0
33019,0
33024,0
33034,0
33036,0
33039,0
33045,0
33046,0
33050,0
33052,0
33057,0
33063,1
33065,0
33074,0
33075,0
33081,0
33084,0
33088,0
33089,0
33091,0
33093,0
33094,0
33103,0
33104,0
33106,0
33108,0
33111,0
33116,0
33118,0
33119,0
33120,0
33123,0
33125,0
33126,0
33132,0
33137,0
33140,0
33146,0
33147,0
33148,0
33149,0
33153,0
33155,0
33156,0
33161,0
33162,0
33166,0
33167,0
33168,0
33173,0
33175,0
33178,0
33179,0
33183,0
33184,0
33185,0
33188,0
33191,1
33193,0
33194,0
33198,0
33201,0
33203,0
33209,0
33215,0
33218,0
33219,0
33220,0
33221,1
33223,0
33226,0
33236,0
33237,0
33238,0
33241,0
33244,0
33246,0
33252,0
33253,0
33254,0
33255,0
33256,0
33264,0
33271,0
33276,0
33278,0
33282,0
33284,0
33287,0
33296,0
33297,0
33301,0
33304,0
33307,0
33308,0
33316,0
33319,0
33325,0
33331,0
33336,0
33337,0
33339,0
33349,0
33350,0
33353,0
33355,0
33380,0
33381,0
33390,0
33392,0
33395,0
33398,0
33399,0
33400,0
33401,0
33404,0
33405,0
33409,0
33411,0
33413,0
33416,0
33425,0
33426,0
33427,0
33429,0
33433,0
33435,0
33440,0
33448,0
33454,0
33456,0
33458,0
33462,0
33465,0
33468,0
33469,0
33475,0
33478,0
33479,0
33486,0
33488,0
33489,0
33490,0
33492,0
33493,0
33501,0
33504,0
33515,0
33516,0
33517,0
33518,0
33520,0
33521,0
33522,0
33527,0
33529,0
33534,0
33537,0
33542,0
33543,0
33544,1
33550,0
33552,0
33556,0
33562,0
33567,1
33568,0
33569,0
33572,0
33576,0
33581,0
33582,0
33583,0
33584,0
33585,0
33587,0
33590,0
33591,0
33603,0
33605,0
33606,0
33607,0
33608,0
33613,0
33614,0
33615,1
33621,0
33626,0
33635,0
33639,0
33645,0
33653,0
33655,1
33657,0
33659,0
33661,0
33663,1
33665,0
33668,0
33669,0
33677,0
33678,0
33679,0
33680,1
33688,0
33689,0
33695,0
33700,0
33701,0
33703,0
33704,0
33707,0
33712,0
33713,1
33718,0
33719,0
33721,0
33729,0
33735,0
33740,0
33743,0
33745,0
33746,0
33750,0
33752,0
33754,0
33759,0
33760,0
33766,0
33767,0
33771,1
33772,0
33779,0
33785,0
33788,0
33797,0
33799,0
33800,0
33813,0
33823,0
33828,0
33829,0
33830,0
33831,0
33832,0
33836,0
33846,0
33847,0
33848,0
33853,0
33854,0
33858,0
33861,0
33866,0
33869,0
33873,0
33874,0
33881,0
33890,0
33893,0
33901,0
33903,0
33904,0
33907,0
33912,1
33914,0
33916,0
33925,0
33927,0
33928,1
33929,0
33931,0
33932,0
33938,0
33939,0
33940,0
33946,0
33947,0
33950,0
33951,0
33956,0
33957,0
33958,0
33960,0
33962,0
33966,0
33969,0
33970,0
33975,0
33984,0
33991,0
33993,0
33995,0
33999,0
34000,0
34003,0
34005,0
34009,0
34016,0
34018,0
34022,0
34026,0
34027,0
34028,0
34044,0
34047,0
34054,0
34055,0
34056,0
34060,0
34064,0
34065,1
34067,1
34073,1
34074,1
34083,0
34087,0
34089,0
34091,0
34093,0
34094,0
34095,0
34100,0
34103,0
34112,0
34115,0
34121,0
34125,0
34127,0
34135,0
34138,0
34141,0
34143,0
34147,0
34149,0
34150,0
34151,0
34154,0
34155,0
34156,0
34158,0
34166,0
34173,0
34175,0
34177,0
34180,0
34181,0
34183,0
34189,0
34191,0
34193,0
34195,0
34197,0
34198,0
34201,0
34203,0
34208,0
34209,0
34210,0
34211,0
34213,1
34219,0
34223,0
34233,0
34236,0
34237,0
34238,1
34239,1
34243,1
34244,0
34246,0
34248,1
34249,0
34252,0
34254,1
34255,1
34258,0
34264,0
34265,0
34269,0
34275,0
34278,0
34285,0
34286,1
34288,0
34289,1
34297,0
34303,0
34311,0
34315,0
34321,0
34326,0
34333,0
34334,0
34335,0
34339,0
34340,0
34345,0
34349,1
34351,0
34355,0
34359,0
34362,0
34364,0
34366,1
34374,0
34378,0
34380,0
34382,0
34385,0
34386,0
34387,0
34391,0
34392,0
34394,0
34395,0
34403,0
34405,0
34406,0
34414,0
34415,0
34417,0
34419,0
34425,0
34427,0
34431,0
34434,0
34435,0
34437,1
34440,0
34441,0
34443,0
34448,0
34450,0
34451,0
34455,1
34457,0
34464,0
34467,0
34468,0
34469,0
34470,0
34475,0
34476,1
34477,0
34478,0
34479,0
34481,0
34482,0
34489,0
34492,0
34494,0
34495,0
34496,0
34508,0
34509,0
34511,0
34514,0
34516,0
34523,0
34525,1
34526,0
34530,1
34531,1
34535,0
34538,0
34541,0
34543,0
34551,0
34552,0
34553,0
34556,0
34557,0
34562,0
34570,0
34571,0
34575,1
34576,0
34584,0
34586,0
34596,0
34600,0
34601,0
34615,0
34619,0
34621,0
34626,0
34627,0
34631,0
34633,0
34634,0
34635,0
34637,0
34641,0
34642,0
34654,0
34657,0
34661,0
34662,0
34666,0
34671,0
34672,0
34674,0
34678,0
34679,0
34682,0
34685,0
34687,0
34698,0
34704,0
34709,0
34710,0
34712,0
34713,0
34720,0
34723,0
34725,0
34731,0
34743,0
34745,0
34748,0
34751,1
34753,0
34754,0
34760,0
34761,0
34762,1
34765,0
34767,0
34769,0
34783,0
34789,0
34790,0
34794,0
34795,0
34799,0
34802,0
34809,0
34813,0
34818,0
34820,0
34822,0
34829,0
34830,0
34835,0
34838,0
34840,0
34843,0
34846,0
34855,0
34856,0
34858,0
34859,0
34865,0
34866,0
34874,0
34875,0
34885,0
34895,0
34899,0
34902,0
34910,0
34916,0
34921,0
34923,0
34933,0
34936,0
34938,0
34939,0
34940,0
34941,0
34945,0
34946,0
34952,0
34953,0
34966,0
34968,0
34974,0
34984,0
34986,0
34988,0
34992,0
34993,0
34995,1
34998,0
35002,0
35004,1
35008,0
35010,0
35011,1
35015,0
35016,0
35019,0
35020,0
35022,0
35027,0
35029,0
35035,0
35037,0
35045,0
35047,0
35050,0
35052,0
35054,0
35056,0
35057,0
35059,0
35066,0
35070,1
35071,0
35072,0
35074,0
35076,0
35081,0
35082,0
35084,0
35085,0
35088,0
35090,0
35091,0
35092,0
35096,0
35101,0
35102,0
35103,0
35106,0
35108,0
35109,0
35110,0
35114,0
35117,0
35123,0
35129,0
35131,0
35132,0
35133,0
35135,0
35137,0
35138,0
35140,0
35141,0
35142,0
35144,0
35159,0
35169,0
35170,0
35171,0
35172,0
35173,1
35174,0
35179,0
35180,0
35181,0
35182,0
35191,0
35192,0
35197,0
35198,0
35203,0
35204,1
35206,0
35208,1
35210,0
35213,0
35217,0
35225,0
35226,0
35230,0
35232,0
35233,0
35235,0
35238,0
35239,0
35243,1
35244,0
35245,0
35248,0
35249,0
35251,0
35254,0
35260,0
35267,0
35269,0
35271,0
35275,0
35279,0
35280,0
35281,0
35282,0
35283,1
35291,0
35306,0
35308,0
35309,0
35310,0
35311,1
35314,0
35315,0
35319,0
35330,0
35335,0
35340,0
35342,0
35349,0
35352,0
35353,0
35362,0
35363,0
35366,0
35384,0
35397,0
35398,0
35400,0
35406,0
35407,0
35409,0
35410,0
35411,0
35415,0
35418,0
35424,1
35432,0
35433,0
35438,0
35442,0
35447,0
35450,0
35456,0
35457,0
35464,1
35465,0
35466,0
35467,0
35469,0
35473,1
35481,0
35482,0
35486,0
35490,0
35492,0
35494,0
35495,0
35499,0
35504,0
35505,0
35508,0
35510,0
35511,1
35515,0
35517,0
35519,0
35522,0
35527,0
35529,0
35535,0
35538,0
35548,0
35554,0
35559,0
35561,1
35569,0
35573,0
35577,0
35578,1
35579,1
35581,0
35582,0
35586,0
35592,0
35595,0
35598,0
35606,0
35610,0
35611,0
35613,0
35619,0
35620,0
35621,0
35622,0
35624,0
35626,0
35627,0
35632,0
35634,0
35641,0
35642,0
35645,0
35648,0
35649,0
35652,0
35655,0
35656,0
35660,0
35666,0
35667,0
35669,0
35671,0
35675,0
35676,0
35679,0
35681,0
35683,0
35692,0
35693,0
35696,0
35704,0
35729,0
35731,0
35734,0
35736,0
35739,0
35743,0
35744,0
35745,0
35748,0
35749,0
35750,0
35751,0
35752,0
35755,0
35758,0
35765,1
35768,0
35772,0
35773,0
35774,0
35776,0
35777,0
35778,0
35780,0
35782,0
35787,0
35794,1
35796,0
35798,0
35799,0
35800,0
35804,1
35805,0
35808,0
35811,0
35813,0
35818,0
35819,0
35821,0
35825,0
35828,0
35836,0
35841,1
35847,0
35849,0
35864,0
35865,0
35871,0
35874,0
35875,0
35879,0
35887,0
35888,0
35890,0
35893,0
35894,0
35898,0
35899,0
35900,0
35909,0
35910,0
35912,0
35915,0
35917,0
35920,1
35929,0
35931,0
35934,0
35937,0
35938,0
35940,0
35945,0
35946,0
35949,0
35950,0
35951,0
35959,0
35963,0
35966,0
35967,0
35968,0
35970,0
35971,0
35972,0
35973,0
35975,0
35977,0
35979,0
35980,0
35981,0
35992,0
35994,0
35999,1
36006,0
36009,0
36021,0
36026,0
36029,0
36034,0
36036,0
36037,0
36039,0
36040,0
36043,0
36047,0
36050,0
36052,0
36060,0
36061,0
36062,0
36065,0
36069,0
36072,0
36077,0
36085,0
36087,0
36096,0
36098,0
36106,0
36107,0
36108,0
36109,0
36113,0
36121,0
36125,0
36126,0
36127,0
36129,1
36132,0
36138,0
36139,0
36142,0
36143,0
36146,0
36150,0
36152,1
36154,1
36156,1
36158,0
36160,1
36164,0
36172,0
36173,0
36174,0
36176,0
36184,1
36185,0
36186,1
36190,0
36192,0
36197,0
36198,0
36201,0
36208,0
36212,0
36217,0
36219,1
36221,0
36228,0
36229,0
36236,0
36237,0
36241,0
36242,0
36244,0
36246,0
36247,0
36250,0
36251,0
36259,0
36260,0
36262,0
36263,0
36271,0
36272,0
36275,0
36278,0
36280,0
36282,1
36283,0
36284,0
36287,0
36295,0
36297,0
36298,0
36299,0
36301,0
36304,0
36308,0
36309,0
36310,0
36319,0
36320,0
36321,0
36325,0
36329,0
36333,0
36335,0
36336,0
36340,0
36343,0
36346,0
36348,0
36349,0
36353,0
36354,0
36360,0
36369,0
36372,0
36375,0
36383,0
36391,0
36392,0
36393,0
36395,0
36399,0
36400,0
36402,0
36405,0
36409,0
36410,0
36418,1
36422,0
36426,0
36430,0
36432,0
36434,0
36435,0
36437,0
36438,0
36443,0
36447,0
36449,0
36453,0
36457,0
36468,0
36473,0
36474,1
36476,0
36489,0
36492,0
36500,0
36513,0
36515,0
36518,0
36525,0
36532,0
36535,0
36540,0
36546,0
36551,0
36556,0
36557,0
36560,0
36562,0
36564,0
36575,0
36578,0
36579,0
36580,0
36583,0
36587,0
36596,0
36598,0
36600,0
36601,0
36603,0
36607,0
36609,0
36612,0
36617,0
36620,0
36624,0
36626,1
36627,0
36632,0
36635,0
36636,0
36638,0
36646,0
36647,1
36651,0
36652,1
36653,0
36655,0
36664,0
36665,0
36666,0
36668,0
36673,1
36678,0
36681,0
36683,1
36689,0
36690,0
36693,0
36694,0
36696,0
36697,0
36698,0
36700,0
36705,0
36706,0
36728,0
36735,0
36736,0
36745,0
36747,0
36749,0
36756,0
36757,0
36759,0
36762,0
36764,0
36769,0
36777,0
36779,0
36780,0
36781,0
36783,0
36785,0
36787,1
36790,0
36791,0
36793,0
36809,0
36813,0
36814,0
36821,0
36826,0
36828,0
36830,1
36832,1
36835,0
36836,1
36837,0
36838,1
36845,0
36848,0
36849,0
36850,0
36851,0
36852,0
36853,0
36855,0
36857,0
36858,0
36877,0
36887,0
36888,0
36889,0
36891,0
36894,0
36896,1
36897,0
36906,0
36908,0
36909,0
36912,1
36917,0
36918,1
36923,0
36924,0
36926,0
36927,0
36941,1
36944,1
36945,0
36948,0
36949,0
36952,0
36957,0
36960,0
36963,0
36966,0
36970,0
36975,1
36980,0
36982,0
36983,0
36988,0
36991,0
36992,0
36994,0
36998,0
37003,0
37005,1
37011,0
37012,0
37013,0
37014,0
37020,0
37021,0
37022,1
37025,1
37026,1
37027,0
37028,0
37032,0
37037,0
37038,0
37042,0
37043,0
37047,1
37048,0
37050,1
37057,0
37059,0
37061,0
37062,0
37068,1
37069,0
37074,0
37079,0
37080,0
37083,0
37084,0
37089,0
37091,0
37095,0
37096,1
37099,1
37100,1
37105,0
37107,1
37108,1
37113,0
37117,0
37118,0
37124,0
37128,0
37130,0
37139,0
37143,1
37145,0
37154,0
37156,0
37158,0
37160,0
37163,0
37164,0
37165,0
37166,0
37168,0
37170,0
37176,1
37178,0
37182,0
37184,0
37185,0
37188,0
37197,1
37200,0
37203,0
37206,0
37207,0
37209,0
37210,0
37211,0
37217,0
37219,0
37220,0
37224,1
37230,0
37231,0
37234,0
37239,0
37240,0
37246,0
37248,0
37250,0
37256,0
37258,0
37265,0
37268,0
37269,0
37278,0
37280,0
37283,0
37284,0
37285,0
37286,0
37287,0
37288,0
37290,1
37292,0
37297,0
37305,1
37307,0
37308,0
37314,0
37316,0
37319,0
37322,0
37325,0
37330,0
37332,0
37334,0
37335,0
37338,0
37350,0
37352,1
37354,0
37357,0
37359,0
37361,0
37362,0
37363,0
37366,0
37368,0
37372,0
37374,0
37383,0
37386,0
37387,0
37388,0
37390,0
37393,0
37396,0
37399,0
37405,0
37409,0
37412,0
37413,0
37420,0
37421,0
37422,0
37428,0
37430,0
37432,0
37434,1
37436,0
37440,0
37441,0
37452,0
37453,0
37461,0
37462,1
37467,0
37470,0
37481,0
37482,0
37483,0
37485,0
37486,0
37488,0
37494,0
37497,0
37498,0
37502,0
37506,0
37513,0
37515,0
37519,0
37520,0
37524,0
37527,0
37535,1
37540,0
37541,0
37543,0
37546,0
37548,0
37550,0
37552,0
37553,1
37555,0
37557,0
37564,0
37567,0
37568,0
37570,0
37571,0
37583,0
37590,0
37595,0
37600,0
37603,0
37611,1
37613,0
37616,0
37619,0
37623,0
37624,0
37626,0
37627,0
37629,1
37630,0
37631,0
37636,1
37642,0
37644,0
37647,0
37649,0
37651,0
37653,0
37655,0
37657,1
37658,0
37661,1
37666,0
37671,0
37673,0
37675,0
37677,0
37681,0
37684,0
37688,0
37689,0
37692,0
37694,0
37698,0
37700,0
37702,0
37704,0
37706,0
37707,0
37708,0
37711,0
37714,0
37715,0
37718,0
37722,0
37723,0
37734,0
37735,0
37736,0
37737,1
37742,1
37743,0
37744,0
37745,0
37754,0
37755,0
37756,0
37757,1
37759,0
37761,0
37770,0
37774,0
37778,0
37779,0
37785,0
37790,0
37792,0
37797,0
37799,0
37801,0
37804,0
37806,0
37809,0
37815,0
37819,0
37821,0
37827,0
37830,0
37832,1
37834,1
37835,1
37842,0
37851,0
37854,0
37863,0
37869,0
37878,0
37881,0
37888,0
37894,0
37900,0
37901,0
37902,1
37903,0
37905,0
37909,0
37914,1
37919,0
37921,1
37924,0
37925,0
37928,0
37934,0
37936,0
37939,0
37940,0
37943,0
37952,0
37953,0
37955,0
37956,0
37958,1
37960,0
37964,0
37966,0
37967,0
37972,1
37973,0
37981,0
37985,0
37987,1
37988,0
37989,0
37990,0
37993,0
37996,0
37999,0
38004,0
38006,0
38007,0
38012,0
38015,0
38021,0
38031,1
38033,0
38037,1
38039,0
38040,0
38044,0
38053,0
38055,0
38056,0
38058,0
38064,0
38065,1
38067,0
38068,0
38075,1
38077,1
38081,0
38083,0
38084,0
38090,0
38091,0
38092,0
38098,1
38105,1
38108,0
38111,0
38116,1
38117,0
38118,0
38119,0
38121,0
38125,0
38129,0
38130,0
38134,0
38140,0
38143,1
38146,0
38149,0
38153,1
38157,0
38159,1
38160,0
38163,0
38164,0
38166,0
38168,0
38173,0
38174,0
38178,0
38183,0
38185,0
38186,0
38187,0
38188,0
38196,0
38199,0
38200,0
38204,1
38205,0
38208,0
38209,0
38211,0
38212,0
38219,0
38224,1
38225,0
38228,0
38232,0
38236,0
38241,0
38246,0
38250,0
38251,0
38254,0
38256,0
38264,0
38267,1
38268,0
38272,0
38273,0
38276,0
38278,0
38290,0
38293,0
38301,0
38307,0
38317,0
38323,0
38345,1
38346,0
38354,0
38360,1
38362,0
38369,1
38371,0
38378,0
38380,0
38382,0
38384,0
38388,0
38396,0
38398,0
38402,0
38415,0
38420,0
38425,0
38428,0
38433,1
38437,0
38438,0
38442,0
38449,0
38450,0
38451,0
38456,1
38457,0
38462,0
38465,0
38474,1
38476,1
38481,0
38483,0
38484,1
38486,0
38487,0
38493,1
38495,0
38498,0
38502,0
38506,0
38508,1
38511,0
38512,0
38523,0
38531,0
38535,1
38543,1
38544,0
38545,0
38547,0
38551,0
38554,0
38555,1
38556,0
38564,0
38565,1
38567,0
38571,0
38572,0
38573,1
38575,0
38578,1
38581,1
38592,0
38598,0
38600,0
38605,0
38607,0
38611,0
38614,0
38621,0
38634,0
38638,0
38643,0
38645,0
38647,0
38650,0
38651,1
38652,1
38655,0
38658,0
38661,0
38676,1
38678,0
38679,0
38685,0
38688,1
38689,1
38694,0
38695,0
38708,1
38709,0
38716,0
38721,0
38726,1
38727,1
38728,0
38730,0
38739,0
38741,0
38745,0
38746,0
38749,1
38754,0
38762,1
38766,0
38769,0
38774,1
38796,0
38801,0
38802,0
38814,0
38818,1
38821,0
38826,0
38827,0
38835,0
38837,0
38838,0
38839,0
38846,0
38847,0
38852,0
38859,0
38862,0
38863,1
38866,1
38867,0
38868,0
38877,0
38881,0
38884,0
38887,0
38898,0
38902,0
38908,1
38916,0
38924,0
38925,0
38928,1
38929,0
38930,1
38932,0
38933,0
38939,0
38943,0
38953,0
38954,0
38963,0
38966,0
38967,0
38974,0
38978,1
38984,0
38986,0
38989,0
38990,0
38993,0
38998,0
39000,1
39003,0
39006,1
39007,0
39010,1
39013,0
39014,0
39017,0
39019,0
39023,0
39024,0
39031,0
39040,0
39045,0
39048,0
39049,0
39050,0
39052,0
39058,0
39059,0
39064,0
39065,0
39068,0
39069,0
39073,0
39077,0
39078,0
39081,0
39087,0
39093,0
39094,0
39096,0
39103,0
39105,0
39109,0
39111,0
39119,0
39126,1
39127,0
39129,1
39131,1
39134,1
39141,0
39143,0
39145,0
39146,0
39147,0
39148,0
39151,0
39159,1
39160,0
39163,0
39169,0
39170,0
39171,0
39172,0
39174,1
39178,0
39179,0
39182,0
39188,0
39190,0
39194,0
39199,0
39202,0
39204,0
39207,0
39210,1
39211,0
39215,1
39218,1
39223,0
39226,0
39233,0
39236,0
39237,1
39238,0
39239,0
39241,0
39243,1
39245,0
39257,0
39259,0
39260,0
39270,1
39271,0
39279,0
39285,0
39290,0
39292,0
39293,1
39294,0
39299,0
39302,0
39304,0
39310,1
39318,0
39321,0
39323,0
39326,0
39330,0
39332,0
39335,0
39337,0
39343,0
39344,1
39345,0
39349,0
39350,0
39353,0
39354,0
39361,0
39364,0
39368,0
39370,0
39371,0
39383,1
39384,0
39385,0
39388,0
39394,0
39397,0
39399,1
39407,0
39418,0
39419,1
39421,0
39425,0
39428,0
39429,0
39431,0
39432,0
39433,0
39434,0
39437,0
39448,1
39449,0
39452,0
39457,0
39459,0
39473,0
39479,1
39480,0
39481,0
39488,0
39490,0
39491,0
39492,0
39495,0
39499,0
39503,0
39504,0
39506,0
39509,0
39514,0
39515,0
39516,0
39518,0
39525,0
39527,0
39528,0
39529,0
39530,0
39532,0
39533,0
39545,0
39550,0
39553,0
39555,0
39559,0
39561,1
39564,0
39565,0
39570,0
39571,0
39576,0
39578,0
39580,0
39581,0
39591,0
39593,0
39597,1
39599,0
39601,0
39603,0
39606,0
39611,1
39612,0
39615,0
39618,0
39621,1
39622,1
39625,0
39628,0
39632,1
39633,0
39639,0
39643,0
39648,0
39655,0
39660,0
39661,0
39664,1
39668,0
39671,0
39672,0
39677,0
39681,0
39691,1
39692,0
39693,0
39694,0
39696,0
39704,0
39705,0
39708,0
39710,0
39711,0
39712,0
39713,1
39715,1
39725,0
39727,0
39731,0
39735,0
39740,1
39741,0
39751,0
39752,0
39753,0
39754,1
39764,1
39767,0
39768,0
39775,0
39778,1
39780,0
39783,0
39792,0
39794,1
39796,0
39804,0
39805,0
39814,0
39817,0
39819,0
39823,0
39827,1
39830,0
39833,1
39842,0
39848,0
39857,0
39860,0
39863,0
39872,0
39873,1
39882,0
39886,0
39888,0
39890,1
39892,0
39900,1
39901,0
39907,0
39908,0
39910,0
39913,1
39916,0
39918,0
39919,0
39921,1
39923,0
39925,0
39926,0
39928,1
39932,0
39936,0
39937,0
39941,0
39942,1
39943,1
39947,1
39952,1
39953,0
39954,0
39961,0
39962,0
39965,1
39966,0
39967,0
39971,0
39976,0
39977,0
39979,0
39980,0
39981,0
39989,0
39991,0
39994,0
39996,0
39997,0
40000,0
40005,0
40013,0
40014,0
40016,1
40018,0
40019,1
40021,0
40024,0
40029,1
40035,0
40042,0
40048,0
40050,0
40054,0
40057,0
